,days_offset
0,41915
1,42562
2,46836
3,42054
4,36960
5,46375
6,43639
7,38893
8,39032
9,48165
10,45273
11,48860
12,46506
13,40045
14,44381
15,39703
16,48133
17,49028
18,41326
19,47856
20,46397
21,40010
22,48764
23,42270
24,49333
25,38403
26,36919
27,35606
28,45804
29,38081
30,41980
31,45283
32,39391
33,45882
34,44268
35,47387
36,35916
37,37090
38,47856
39,43833
40,42873
41,44467
42,37348
43,36988
44,36797
45,39151
46,42303
47,41861
48,44074
49,37298
50,38456
51,42649
52,47763
53,46074
54,41669
55,41634
56,39388
57,47558
58,42651
59,47141
60,46030
61,48235
62,38330
63,48202
64,48820
65,35260
66,47618
67,38295
68,49611
69,35965
70,41526
71,35797
72,42226
73,39868
74,44054
75,46810
76,40230
77,36329
78,43668
79,48544
80,35063
81,35499
82,44193
83,39032
84,40423
85,42083
86,42297
87,45993
88,44265
89,45259
90,35775
91,46688
92,49484
93,42950
94,35852
95,38322
96,49270
97,43882
98,39449
99,40033
100,39885
101,41412
102,48130
103,35394
104,43005
105,36922
106,39003
107,43379
108,45492
109,45265
110,47466
111,49496
112,44661
113,37310
114,46247
115,39618
116,40269
117,46406
118,41340
119,42829
120,41166
121,40045
122,45636
123,35213
124,43262
125,47602
126,36432
127,48343
128,37496
129,35180
130,44936
131,40461
132,45790
133,48951
134,42603
135,38052
136,39186
137,49358
138,39033
139,46516
140,45459
141,38202
142,36714
143,36586
144,38576
145,47422
146,42261
147,44033
148,46888
149,47085
150,43265
151,38121
152,37260
153,43133
154,35591
155,48120
156,42061
157,39675
158,47676
159,35823
160,44934
161,36159
162,37972
163,35062
164,36988
165,36277
166,46802
167,45154
168,42828
169,35363
170,35049
171,49338
172,37110
173,42576
174,48868
175,38015
176,42248
177,47029
178,38174
179,41387
180,49386
181,45257
182,40856
183,47966
184,47874
185,37286
186,38613
187,41700
188,49038
189,40322
190,47774
191,47221
192,38709
193,45977
194,39246
195,49798
196,36025
197,43692
198,35726
199,39246
200,46139
201,37304
202,49481
203,40485
204,45104
205,45018
206,47969
207,45000
208,40740
209,35349
210,44675
211,39097
212,38481
213,35711
214,38038
215,48961
216,49753
217,39657
218,47184
219,46731
220,42674
221,37755
222,43063
223,49225
224,38718
225,36646
226,49442
227,48829
228,49508
229,39549
230,40953
231,38239
232,37768
233,36026
234,38165
235,39228
236,41532
237,38877
238,49610
239,35212
240,42282
241,43285
242,41865
243,44153
244,39234
245,44102
246,46526
247,39606
248,47716
249,42871
250,40767
251,42478
252,44825
253,41655
254,40133
255,47201
256,49280
257,36346
258,48992
259,35394
260,41768
261,44635
262,49438
263,49717
264,48484
265,46741
266,36050
267,45748
268,48422
269,41117
270,47189
271,36897
272,46800
273,43294
274,45236
275,40205
276,49398
277,45244
278,38870
279,42759
280,49827
281,49252
282,43720
283,48342
284,48411
285,38635
286,49190
287,36948
288,35291
289,37824
290,44061
291,39660
292,47251
293,36283
294,39192
295,41604
296,39775
297,43744
298,41996
299,37307
300,49838
301,48856
302,39052
303,42674
304,40480
305,45729
306,40001
307,45409
308,42142
309,41314
310,48999
311,43812
312,47406
313,46566
314,35209
315,37083
316,37601
317,43898
318,43945
319,38157
320,44779
321,37517
322,49141
323,43566
324,45942
325,37277
326,37517
327,39470
328,46388
329,49123
330,40261
331,49606
332,37899
333,44060
334,42923
335,49690
336,42223
337,43844
338,36257
339,47195
340,46822
341,41126
342,44857
343,43146
344,36005
345,38570
346,35209
347,35366
348,49077
349,43293
350,44277
351,40003
352,36272
353,36848
354,45478
355,41963
356,40168
357,49054
358,36390
359,43762
360,47142
361,43448
362,46604
363,46786
364,47219
365,49113
366,41139
367,41741
368,45032
369,35184
370,43830
371,49559
372,38284
373,35583
374,48808
375,41929
376,35180
377,47305
378,38030
379,42835
380,39211
381,49846
382,35649
383,37485
384,47016
385,36626
386,36718
387,46824
388,49897
389,42469
390,45207
391,45889
392,36012
393,39091
394,49387
395,42131
396,44033
397,38373
398,48384
399,49238
400,47854
401,43652
402,49422
403,42804
404,44678
405,44767
406,37326
407,45878
408,49108
409,45307
410,42949
411,42885
412,41962
413,46487
414,41404
415,40193
416,39062
417,35829
418,48480
419,37909
420,47205
421,37586
422,47331
423,49560
424,46485
425,38779
426,39946
427,42950
428,36767
429,37117
430,46651
431,38953
432,47381
433,37670
434,36515
435,38297
436,35430
437,40280
438,46070
439,43730
440,43476
441,38647
442,40976
443,43475
444,48221
445,37883
446,48496
447,37236
448,39949
449,46980
450,38118
451,39942
452,43423
453,43613
454,36938
455,38577
456,47284
457,43774
458,48200
459,42163
460,37686
461,39100
462,41082
463,40107
464,41987
465,41504
466,46117
467,40598
468,48513
469,44367
470,39283
471,45653
472,43195
473,46955
474,48911
475,38846
476,38964
477,38337
478,44757
479,49143
480,41595
481,38017
482,41692
483,41762
484,45001
485,45030
486,46696
487,39453
488,44352
489,44977
490,41007
491,47380
492,39975
493,37660
494,39432
495,48796
496,38050
497,43866
498,43839
499,41572
500,38640
501,37597
502,49277
503,48690
504,42699
505,39587
506,44147
507,40670
508,35064
509,45821
510,41357
511,49967
512,40698
513,42073
514,36691
515,40522
516,45221
517,48113
518,46870
519,36042
520,49820
521,47769
522,39419
523,37834
524,45424
525,42419
526,41211
527,41053
528,42486
529,41036
530,37028
531,36611
532,42967
533,42741
534,47846
535,40853
536,38787
537,43799
538,48473
539,42841
540,45569
541,41164
542,46443
543,47419
544,39153
545,37604
546,41260
547,48102
548,43793
549,45944
550,47551
551,37432
552,49715
553,48395
554,49512
555,48642
556,48792
557,45220
558,44894
559,49198
560,35637
561,42353
562,40777
563,49717
564,35957
565,41976
566,48072
567,46661
568,49018
569,40333
570,38320
571,45984
572,41967
573,41150
574,44869
575,47676
576,36314
577,47609
578,36245
579,38126
580,48880
581,37662
582,46781
583,45471
584,48019
585,35804
586,42600
587,48670
588,42976
589,38970
590,49255
591,35037
592,48721
593,47296
594,43801
595,49686
596,42433
597,41895
598,35500
599,35931
600,47481
601,43507
602,36404
603,45590
604,44545
605,44734
606,44829
607,45524
608,43272
609,38081
610,35016
611,43267
612,38462
613,37998
614,37772
615,45706
616,42646
617,49698
618,48520
619,41030
620,46509
621,43102
622,42259
623,38097
624,37083
625,41063
626,36920
627,39075
628,39341
629,49272
630,48887
631,44467
632,40385
633,39812
634,47265
635,40497
636,48005
637,45394
638,45657
639,38488
640,40894
641,36804
642,47111
643,48382
644,39822
645,41912
646,38388
647,36055
648,48765
649,43120
650,35315
651,40922
652,48761
653,42375
654,42085
655,39084
656,41762
657,46532
658,35079
659,39941
660,44661
661,44022
662,49494
663,35481
664,41526
665,44932
666,48014
667,42258
668,40342
669,48075
670,39674
671,40905
672,48786
673,36505
674,37250
675,43550
676,40652
677,45324
678,41818
679,42022
680,44107
681,46468
682,48220
683,39555
684,37483
685,42298
686,35796
687,48123
688,43982
689,35445
690,42376
691,48812
692,44972
693,47062
694,45278
695,36139
696,37816
697,40772
698,36250
699,45286
700,44305
701,38828
702,42141
703,47874
704,45711
705,48713
706,48836
707,45506
708,43085
709,38216
710,47327
711,44292
712,37656
713,36507
714,42377
715,36618
716,47396
717,37296
718,35510
719,35675
720,49490
721,38762
722,37911
723,45918
724,38165
725,44407
726,36652
727,45950
728,44410
729,39998
730,44541
731,43359
732,36625
733,39358
734,35400
735,41072
736,43005
737,36248
738,46455
739,46458
740,41036
741,37168
742,44078
743,43891
744,41707
745,43079
746,45888
747,44030
748,44426
749,46051
750,43802
751,41667
752,37858
753,38680
754,40056
755,47394
756,41557
757,47836
758,37061
759,46141
760,43496
761,45783
762,49568
763,49170
764,44659
765,42894
766,42549
767,48393
768,38799
769,43226
770,35999
771,43196
772,42763
773,40897
774,45952
775,46672
776,35714
777,35791
778,42096
779,43006
780,43135
781,44928
782,38054
783,35591
784,41994
785,41972
786,37507
787,36531
788,45513
789,46747
790,42052
791,39495
792,45582
793,36142
794,46306
795,48438
796,40640
797,39100
798,42249
799,46339
800,42064
801,43456
802,48653
803,46612
804,49838
805,42362
806,36795
807,37935
808,37322
809,43544
810,43374
811,37503
812,47990
813,36875
814,47839
815,42373
816,35227
817,36960
818,49556
819,36926
820,47730
821,46450
822,44379
823,35253
824,43612
825,39086
826,49188
827,46100
828,35003
829,43479
830,35279
831,35958
832,37743
833,36870
834,46030
835,40098
836,48237
837,38497
838,35032
839,48778
840,48732
841,44896
842,45970
843,43095
844,43879
845,43636
846,45083
847,46322
848,36433
849,37510
850,37563
851,49670
852,49023
853,38231
854,47987
855,45118
856,41309
857,37891
858,39108
859,37258
860,45276
861,42649
862,39325
863,45693
864,48841
865,41005
866,47126
867,43237
868,40265
869,45431
870,40358
871,49715
872,42668
873,45549
874,48066
875,41586
876,36542
877,43227
878,48648
879,48220
880,43593
881,45055
882,41001
883,40256
884,43563
885,39307
886,44332
887,36984
888,49311
889,43086
890,41234
891,46539
892,48802
893,45968
894,45377
895,37880
896,40237
897,39418
898,43259
899,37447
900,43576
901,43703
902,39826
903,44360
904,43736
905,42533
906,35472
907,36513
908,37778
909,37830
910,43773
911,42489
912,43406
913,44340
914,41339
915,44107
916,46591
917,36514
918,37796
919,47170
920,44323
921,43731
922,35029
923,40460
924,45836
925,41388
926,35212
927,41110
928,38671
929,37186
930,42660
931,36324
932,47410
933,47451
934,42905
935,41668
936,35114
937,48268
938,41363
939,39534
940,47125
941,48055
942,43679
943,48833
944,48772
945,46255
946,42954
947,48619
948,40443
949,41075
950,45566
951,38417
952,41596
953,40465
954,46050
955,49309
956,47210
957,49187
958,45296
959,35123
960,39577
961,38792
962,46166
963,36942
964,36532
965,38593
966,42544
967,40418
968,35326
969,44664
970,35607
971,45638
972,38741
973,36474
974,36019
975,42315
976,41858
977,44174
978,44366
979,39890
980,36069
981,45925
982,47488
983,48957
984,36570
985,37995
986,40913
987,45561
988,41847
989,49181
990,38423
991,47570
992,35788
993,45781
994,38349
995,44066
996,39571
997,42143
998,44220
999,43196
1000,43182
1001,39362
1002,36246
1003,46524
1004,45459
1005,46216
1006,49369
1007,36182
1008,45759
1009,44440
1010,49115
1011,44639
1012,46348
1013,45287
1014,41418
1015,48120
1016,48150
1017,42096
1018,37743
1019,41504
1020,46644
1021,42959
1022,42264
1023,46275
1024,45387
1025,42406
1026,41288
1027,43902
1028,48778
1029,45605
1030,48825
1031,47004
1032,44424
1033,35010
1034,36537
1035,35250
1036,35083
1037,48231
1038,36544
1039,35307
1040,43081
1041,48783
1042,41366
1043,47181
1044,44681
1045,49766
1046,41180
1047,41420
1048,36037
1049,48562
1050,41972
1051,49192
1052,41239
1053,43638
1054,43817
1055,40955
1056,38083
1057,41884
1058,36818
1059,37362
1060,49233
1061,38701
1062,45899
1063,45771
1064,48017
1065,40291
1066,39064
1067,37718
1068,48565
1069,35900
1070,44778
1071,45042
1072,41849
1073,47573
1074,40043
1075,42215
1076,46780
1077,49688
1078,35854
1079,49393
1080,39216
1081,46251
1082,38355
1083,36659
1084,41118
1085,40351
1086,42488
1087,48937
1088,43049
1089,37499
1090,43732
1091,49371
1092,42803
1093,46672
1094,38929
1095,43009
1096,38915
1097,39289
1098,45084
1099,48128
1100,48234
1101,38983
1102,39310
1103,43968
1104,42563
1105,46574
1106,37483
1107,48722
1108,41618
1109,46242
1110,37974
1111,36247
1112,44513
1113,40471
1114,40477
1115,39494
1116,48264
1117,47599
1118,45256
1119,35323
1120,40838
1121,35498
1122,40363
1123,44487
1124,47264
1125,40057
1126,35669
1127,46072
1128,49015
1129,40309
1130,41238
1131,40094
1132,47178
1133,40555
1134,38381
1135,48928
1136,41997
1137,44989
1138,35339
1139,46262
1140,46806
1141,46558
1142,48391
1143,40565
1144,37756
1145,36749
1146,41485
1147,40774
1148,43553
1149,35409
1150,36086
1151,41010
1152,45862
1153,47328
1154,38387
1155,45040
1156,49743
1157,36909
1158,42083
1159,44064
1160,45513
1161,48583
1162,43110
1163,43247
1164,40034
1165,46224
1166,37895
1167,46638
1168,42367
1169,48508
1170,45537
1171,35500
1172,37225
1173,48506
1174,41401
1175,35841
1176,44595
1177,45619
1178,41405
1179,47094
1180,41723
1181,43610
1182,44589
1183,36231
1184,43155
1185,40166
1186,43776
1187,39588
1188,45327
1189,43567
1190,43899
1191,46288
1192,35287
1193,38883
1194,47411
1195,49015
1196,45535
1197,48170
1198,37615
1199,43753
1200,46056
1201,42179
1202,36320
1203,38145
1204,45205
1205,48965
1206,48873
1207,38464
1208,49100
1209,46601
1210,44962
1211,36194
1212,37646
1213,39036
1214,46433
1215,44269
1216,35889
1217,46834
1218,47980
1219,40596
1220,38783
1221,35612
1222,45351
1223,36659
1224,47237
1225,45595
1226,46569
1227,43609
1228,45571
1229,41708
1230,44941
1231,39750
1232,36051
1233,35843
1234,40650
1235,36356
1236,40940
1237,39568
1238,45085
1239,37762
1240,45040
1241,47691
1242,46890
1243,42684
1244,45843
1245,36306
1246,39602
1247,40105
1248,42958
1249,48409
1250,42817
1251,49933
1252,46597
1253,48540
1254,35287
1255,42796
1256,49579
1257,46275
1258,48809
1259,45751
1260,43659
1261,39881
1262,39883
1263,47620
1264,38555
1265,47823
1266,49351
1267,48082
1268,42816
1269,42102
1270,36898
1271,44258
1272,39429
1273,44449
1274,35710
1275,36760
1276,38292
1277,46484
1278,41505
1279,35322
1280,49569
1281,39964
1282,44681
1283,49997
1284,39462
1285,41784
1286,43729
1287,36152
1288,43711
1289,38689
1290,48112
1291,45959
1292,41299
1293,40715
1294,47113
1295,42391
1296,46022
1297,41045
1298,35596
1299,37645
1300,36997
1301,35817
1302,49760
1303,42888
1304,39239
1305,46559
1306,48293
1307,35684
1308,49900
1309,48429
1310,39721
1311,43048
1312,48351
1313,46981
1314,44941
1315,37759
1316,41133
1317,41030
1318,49757
1319,43495
1320,36356
1321,35741
1322,38489
1323,36990
1324,40470
1325,49850
1326,41811
1327,46270
1328,48458
1329,48474
1330,40823
1331,45004
1332,37074
1333,41435
1334,46088
1335,36703
1336,49019
1337,48888
1338,37119
1339,49781
1340,39610
1341,44332
1342,42980
1343,39795
1344,43255
1345,41944
1346,46975
1347,44699
1348,42502
1349,36453
1350,42038
1351,49904
1352,37723
1353,42675
1354,44462
1355,37368
1356,49322
1357,45692
1358,36485
1359,37983
1360,43764
1361,43303
1362,46720
1363,36026
1364,36640
1365,40454
1366,39905
1367,45855
1368,36249
1369,36076
1370,43784
1371,47238
1372,35389
1373,43819
1374,35922
1375,36495
1376,35547
1377,38163
1378,46102
1379,48198
1380,43934
1381,43448
1382,45895
1383,36558
1384,35599
1385,49172
1386,37946
1387,47843
1388,38965
1389,43216
1390,41520
1391,36596
1392,38640
1393,37908
1394,35184
1395,35717
1396,46804
1397,43204
1398,48273
1399,47229
1400,49033
1401,38095
1402,41139
1403,42087
1404,39194
1405,35069
1406,43522
1407,39642
1408,36283
1409,45470
1410,38786
1411,37363
1412,37394
1413,35960
1414,40781
1415,41292
1416,37018
1417,49539
1418,43161
1419,41103
1420,47278
1421,46982
1422,36720
1423,43866
1424,40383
1425,37723
1426,40536
1427,48565
1428,46902
1429,43484
1430,42550
1431,49631
1432,40872
1433,48700
1434,36506
1435,49836
1436,42176
1437,35817
1438,35001
1439,44728
1440,44963
1441,37609
1442,49829
1443,36587
1444,48888
1445,43087
1446,46772
1447,42778
1448,47769
1449,45493
1450,37513
1451,44559
1452,39741
1453,42346
1454,40463
1455,39191
1456,37302
1457,37108
1458,40535
1459,39286
1460,48727
1461,36535
1462,49778
1463,46502
1464,35479
1465,47000
1466,43067
1467,37570
1468,42710
1469,40076
1470,42165
1471,49126
1472,41947
1473,48730
1474,37540
1475,38064
1476,37759
1477,39595
1478,42521
1479,46941
1480,35332
1481,40641
1482,44382
1483,42606
1484,36349
1485,44203
1486,46356
1487,49946
1488,37658
1489,43614
1490,36449
1491,49077
1492,42623
1493,38334
1494,36568
1495,36799
1496,46550
1497,44868
1498,47168
1499,46358
1500,40084
1501,40943
1502,46789
1503,39703
1504,35302
1505,36059
1506,43648
1507,43754
1508,45795
1509,42126
1510,38275
1511,42910
1512,44358
1513,38267
1514,41300
1515,46284
1516,45011
1517,35010
1518,46226
1519,45598
1520,46732
1521,43930
1522,37772
1523,43834
1524,35600
1525,41983
1526,44507
1527,48638
1528,43386
1529,38780
1530,36010
1531,45438
1532,44439
1533,35059
1534,37890
1535,47951
1536,46431
1537,36456
1538,48601
1539,38534
1540,47122
1541,48440
1542,43715
1543,45134
1544,36735
1545,36878
1546,38803
1547,44138
1548,49999
1549,35051
1550,44836
1551,36733
1552,47437
1553,40657
1554,47598
1555,37511
1556,43092
1557,42244
1558,48447
1559,48180
1560,40340
1561,49280
1562,48955
1563,44293
1564,38840
1565,49826
1566,44026
1567,41252
1568,45903
1569,47735
1570,38908
1571,40776
1572,44843
1573,38079
1574,38611
1575,44518
1576,39910
1577,41774
1578,37287
1579,49791
1580,35834
1581,47161
1582,43452
1583,38466
1584,41835
1585,41591
1586,44943
1587,36126
1588,43118
1589,41846
1590,40393
1591,38804
1592,48324
1593,49421
1594,39141
1595,44698
1596,39687
1597,45593
1598,42203
1599,47127
1600,48877
1601,41406
1602,37437
1603,42527
1604,49473
1605,37448
1606,45600
1607,49664
1608,39675
1609,38295
1610,46186
1611,40425
1612,45133
1613,42198
1614,35608
1615,35679
1616,39403
1617,36202
1618,35229
1619,41024
1620,35183
1621,46424
1622,46746
1623,37459
1624,40606
1625,41132
1626,42769
1627,47463
1628,36401
1629,40385
1630,35698
1631,40643
1632,49420
1633,41077
1634,35310
1635,48092
1636,42067
1637,44073
1638,38500
1639,49483
1640,37614
1641,37266
1642,39771
1643,42859
1644,39835
1645,40302
1646,46537
1647,39361
1648,40480
1649,36555
1650,36784
1651,38141
1652,38446
1653,47437
1654,44325
1655,35969
1656,39583
1657,38113
1658,35010
1659,49746
1660,43312
1661,40267
1662,36418
1663,45250
1664,35207
1665,42295
1666,35284
1667,48856
1668,49426
1669,40424
1670,40259
1671,44261
1672,40505
1673,40469
1674,49510
1675,38939
1676,48087
1677,38597
1678,35137
1679,39496
1680,46998
1681,41397
1682,40766
1683,39952
1684,43272
1685,35852
1686,41928
1687,47435
1688,43014
1689,45677
1690,48869
1691,40195
1692,36542
1693,43503
1694,43249
1695,40118
1696,46168
1697,36227
1698,36012
1699,49369
1700,42139
1701,44468
1702,42597
1703,44840
1704,35942
1705,45172
1706,44703
1707,35666
1708,41579
1709,37686
1710,37625
1711,45311
1712,43388
1713,35325
1714,45375
1715,39303
1716,35675
1717,49380
1718,35680
1719,35229
1720,44742
1721,38590
1722,42051
1723,44639
1724,37768
1725,37454
1726,47823
1727,35857
1728,41910
1729,46484
1730,42792
1731,48588
1732,43064
1733,47876
1734,35978
1735,41312
1736,47961
1737,44284
1738,36957
1739,38192
1740,41539
1741,47396
1742,49434
1743,44434
1744,48716
1745,36700
1746,36705
1747,39620
1748,45344
1749,43633
1750,40067
1751,36825
1752,40568
1753,36557
1754,46556
1755,44250
1756,37316
1757,35350
1758,43567
1759,47466
1760,40571
1761,35836
1762,43519
1763,41591
1764,39003
1765,47136
1766,42540
1767,36488
1768,35858
1769,47998
1770,47895
1771,40836
1772,37722
1773,35151
1774,48508
1775,42639
1776,37193
1777,41883
1778,40264
1779,44352
1780,39780
1781,45116
1782,35418
1783,44512
1784,39258
1785,41925
1786,48780
1787,43716
1788,37667
1789,36661
1790,36992
1791,42930
1792,39512
1793,47018
1794,41491
1795,39555
1796,35354
1797,41960
1798,36422
1799,41659
1800,46145
1801,38334
1802,42069
1803,39133
1804,46001
1805,40704
1806,46848
1807,37912
1808,46466
1809,36937
1810,42916
1811,44345
1812,46910
1813,47557
1814,38604
1815,47914
1816,35882
1817,38978
1818,41702
1819,46925
1820,45776
1821,36078
1822,42349
1823,35833
1824,35365
1825,37727
1826,41526
1827,44112
1828,36411
1829,38242
1830,49933
1831,37028
1832,46303
1833,37624
1834,42312
1835,38943
1836,35865
1837,40507
1838,36207
1839,38270
1840,48068
1841,45650
1842,39252
1843,49407
1844,35383
1845,39926
1846,46050
1847,42342
1848,39821
1849,36686
1850,43732
1851,49875
1852,49637
1853,47207
1854,38947
1855,47123
1856,48928
1857,37739
1858,43679
1859,46360
1860,45141
1861,39643
1862,44725
1863,44262
1864,42397
1865,35743
1866,45990
1867,49229
1868,42285
1869,49158
1870,44865
1871,38657
1872,45237
1873,37011
1874,40699
1875,42189
1876,36204
1877,44222
1878,42237
1879,36798
1880,37538
1881,41956
1882,48868
1883,40154
1884,46622
1885,39189
1886,42289
1887,40750
1888,49465
1889,41543
1890,48967
1891,49628
1892,41154
1893,37862
1894,48466
1895,45815
1896,40554
1897,40464
1898,36365
1899,49789
1900,42509
1901,41871
1902,47183
1903,47348
1904,44573
1905,37235
1906,44605
1907,36266
1908,42352
1909,41708
1910,49469
1911,39996
1912,40431
1913,45984
1914,41463
1915,48773
1916,49166
1917,46309
1918,44100
1919,45917
1920,44473
1921,45061
1922,36428
1923,49691
1924,41040
1925,35434
1926,36752
1927,49093
1928,39770
1929,43375
1930,36694
1931,37168
1932,45726
1933,44887
1934,42760
1935,44426
1936,45510
1937,38243
1938,42665
1939,49444
1940,40090
1941,42575
1942,48761
1943,45486
1944,38299
1945,35195
1946,39532
1947,46126
1948,35583
1949,36899
1950,40936
1951,36343
1952,35983
1953,43198
1954,48923
1955,45680
1956,40349
1957,36041
1958,46835
1959,49437
1960,46099
1961,42684
1962,48960
1963,35143
1964,49676
1965,46862
1966,44902
1967,35556
1968,49561
1969,39501
1970,46437
1971,45382
1972,46203
1973,45250
1974,35015
1975,44136
1976,40003
1977,41278
1978,47010
1979,41867
1980,43932
1981,38199
1982,47513
1983,41046
1984,46170
1985,36133
1986,41408
1987,49211
1988,39883
1989,36337
1990,40443
1991,36248
1992,39405
1993,36193
1994,41104
1995,47095
1996,46624
1997,35500
1998,36259
1999,38322
2000,47412
2001,41650
2002,46382
2003,41095
2004,35850
2005,46445
2006,35957
2007,39125
2008,45900
2009,41424
2010,47418
2011,37894
2012,46015
2013,36087
2014,45482
2015,46164
2016,49517
2017,36413
2018,44062
2019,47488
2020,40518
2021,39802
2022,47355
2023,45618
2024,40659
2025,36765
2026,47372
2027,36596
2028,39313
2029,38265
2030,42827
2031,46324
2032,47688
2033,48055
2034,44112
2035,39726
2036,35415
2037,46496
2038,45145
2039,43825
2040,36534
2041,47772
2042,36106
2043,35626
2044,46382
2045,49822
2046,43437
2047,48270
2048,43929
2049,44873
2050,47302
2051,41659
2052,46689
2053,45279
2054,47002
2055,36746
2056,46994
2057,38572
2058,43316
2059,37197
2060,43479
2061,39890
2062,40729
2063,45997
2064,44763
2065,35192
2066,38025
2067,36859
2068,39358
2069,41406
2070,48644
2071,46838
2072,44741
2073,38775
2074,45223
2075,44059
2076,47856
2077,35332
2078,39087
2079,43539
2080,44400
2081,36635
2082,45594
2083,47341
2084,37987
2085,47102
2086,42254
2087,38505
2088,47661
2089,48453
2090,45864
2091,38478
2092,37314
2093,42493
2094,45605
2095,41871
2096,39086
2097,39364
2098,39214
2099,36662
2100,35326
2101,40698
2102,46732
2103,43354
2104,46497
2105,38588
2106,47546
2107,45711
2108,40987
2109,35348
2110,43209
2111,45730
2112,41364
2113,47595
2114,45820
2115,41145
2116,35040
2117,47156
2118,49064
2119,42747
2120,37532
2121,43707
2122,43745
2123,40563
2124,43974
2125,35435
2126,49551
2127,39268
2128,49965
2129,38930
2130,37689
2131,41627
2132,39963
2133,35798
2134,36848
2135,46299
2136,36405
2137,36535
2138,49459
2139,46553
2140,40408
2141,39885
2142,45755
2143,40152
2144,44039
2145,41028
2146,36014
2147,36845
2148,44908
2149,49519
2150,35895
2151,37817
2152,37652
2153,38864
2154,38494
2155,39075
2156,37509
2157,38109
2158,43648
2159,42438
2160,35233
2161,49097
2162,48907
2163,47487
2164,36432
2165,44659
2166,41569
2167,37258
2168,48092
2169,39969
2170,39888
2171,46996
2172,49119
2173,43272
2174,49702
2175,36603
2176,37230
2177,36328
2178,46121
2179,36428
2180,44577
2181,40810
2182,42208
2183,35272
2184,49253
2185,37754
2186,35691
2187,38309
2188,45204
2189,35114
2190,38760
2191,41473
2192,41337
2193,46878
2194,48652
2195,35452
2196,35973
2197,38930
2198,40314
2199,43197
2200,38997
2201,45562
2202,46016
2203,41922
2204,41967
2205,43034
2206,45523
2207,43928
2208,44345
2209,46117
2210,46128
2211,37226
2212,39092
2213,41339
2214,38614
2215,37456
2216,41743
2217,49592
2218,49632
2219,42373
2220,36434
2221,36994
2222,44961
2223,40868
2224,37455
2225,45411
2226,43584
2227,43673
2228,48903
2229,47493
2230,45340
2231,42656
2232,42087
2233,44257
2234,40989
2235,44276
2236,39032
2237,44265
2238,41134
2239,47147
2240,41047
2241,40302
2242,38198
2243,49807
2244,41282
2245,44517
2246,44438
2247,41784
2248,48448
2249,40926
2250,45971
2251,39932
2252,40332
2253,42765
2254,42750
2255,47891
2256,45820
2257,36879
2258,49662
2259,38888
2260,46186
2261,45424
2262,47846
2263,37828
2264,43706
2265,47739
2266,47170
2267,46021
2268,37812
2269,39117
2270,43765
2271,49449
2272,35877
2273,36480
2274,49516
2275,44843
2276,38106
2277,35755
2278,42032
2279,45541
2280,49029
2281,38892
2282,48264
2283,49134
2284,43971
2285,39285
2286,43528
2287,45444
2288,44391
2289,48075
2290,42587
2291,48567
2292,41953
2293,36297
2294,36292
2295,49645
2296,49120
2297,44854
2298,38078
2299,45293
2300,41429
2301,36094
2302,40481
2303,35707
2304,38854
2305,41485
2306,40564
2307,40176
2308,38081
2309,43492
2310,36488
2311,44334
2312,37946
2313,49755
2314,40547
2315,39182
2316,41325
2317,41188
2318,46354
2319,44065
2320,36007
2321,35880
2322,46391
2323,39934
2324,45791
2325,37570
2326,35150
2327,36609
2328,36942
2329,43278
2330,41172
2331,38115
2332,42465
2333,49856
2334,45888
2335,37522
2336,37260
2337,43996
2338,44146
2339,39296
2340,46539
2341,45037
2342,45650
2343,36044
2344,42600
2345,46408
2346,43414
2347,49734
2348,42996
2349,47700
2350,45922
2351,36556
2352,37752
2353,40341
2354,47610
2355,38939
2356,49737
2357,47663
2358,44946
2359,49588
2360,41826
2361,44822
2362,37423
2363,44562
2364,37892
2365,42644
2366,40735
2367,43806
2368,43369
2369,38301
2370,37053
2371,48638
2372,41560
2373,44696
2374,45649
2375,42454
2376,35530
2377,44437
2378,42654
2379,49635
2380,38812
2381,36018
2382,35892
2383,44807
2384,37109
2385,35061
2386,37035
2387,36646
2388,39119
2389,42013
2390,44104
2391,38180
2392,41010
2393,42229
2394,41145
2395,45337
2396,38281
2397,36182
2398,43293
2399,40616
2400,42404
2401,49912
2402,42153
2403,37928
2404,44507
2405,36434
2406,37361
2407,42395
2408,45911
2409,35236
2410,37521
2411,40310
2412,44891
2413,45546
2414,42109
2415,36881
2416,47089
2417,44142
2418,39976
2419,48796
2420,47627
2421,43340
2422,47724
2423,40370
2424,46923
2425,43358
2426,46425
2427,37057
2428,47650
2429,44100
2430,40494
2431,49422
2432,43911
2433,45081
2434,41983
2435,47363
2436,39583
2437,37717
2438,39685
2439,46387
2440,37758
2441,49512
2442,40831
2443,45150
2444,35722
2445,37497
2446,45423
2447,39555
2448,42640
2449,36267
2450,41520
2451,43338
2452,44278
2453,42330
2454,47629
2455,40856
2456,46080
2457,46840
2458,48708
2459,45493
2460,47820
2461,43272
2462,42494
2463,40916
2464,36967
2465,42829
2466,43126
2467,39445
2468,42229
2469,41184
2470,48813
2471,48006
2472,41763
2473,37205
2474,35868
2475,35970
2476,49964
2477,39264
2478,48576
2479,44829
2480,46873
2481,47242
2482,41845
2483,39049
2484,38831
2485,43176
2486,44418
2487,41718
2488,40942
2489,37615
2490,35851
2491,40048
2492,41236
2493,35931
2494,46348
2495,49299
2496,37019
2497,38414
2498,48199
2499,40632
2500,48320
2501,49992
2502,45994
2503,45640
2504,36245
2505,35846
2506,40908
2507,46507
2508,35198
2509,48277
2510,46514
2511,41548
2512,49425
2513,39728
2514,44032
2515,37035
2516,36827
2517,38626
2518,39480
2519,43319
2520,39474
2521,46770
2522,47239
2523,39732
2524,43589
2525,48554
2526,42353
2527,36833
2528,42017
2529,38355
2530,48122
2531,35586
2532,38227
2533,36547
2534,36320
2535,39285
2536,44795
2537,47940
2538,38837
2539,35516
2540,47970
2541,45901
2542,45616
2543,42288
2544,43185
2545,48330
2546,40104
2547,45276
2548,40444
2549,40298
2550,41199
2551,39918
2552,45793
2553,43633
2554,40366
2555,35271
2556,41495
2557,48907
2558,49904
2559,45308
2560,46226
2561,49228
2562,47302
2563,41545
2564,41604
2565,43322
2566,36345
2567,45174
2568,37854
2569,44172
2570,47224
2571,45459
2572,36119
2573,37851
2574,36932
2575,45240
2576,45032
2577,42192
2578,40768
2579,35702
2580,44231
2581,41522
2582,48499
2583,49121
2584,36462
2585,45879
2586,42477
2587,47114
2588,42470
2589,37145
2590,38984
2591,49482
2592,45599
2593,42179
2594,46853
2595,40474
2596,47167
2597,46155
2598,43015
2599,42351
2600,45665
2601,48039
2602,42057
2603,49073
2604,39038
2605,42992
2606,41560
2607,49580
2608,45128
2609,49895
2610,45243
2611,39145
2612,43692
2613,43988
2614,38454
2615,46621
2616,38567
2617,48531
2618,36284
2619,39244
2620,49582
2621,48757
2622,44395
2623,35435
2624,44726
2625,42831
2626,43100
2627,35000
2628,36813
2629,36569
2630,44851
2631,44180
2632,43912
2633,38986
2634,45877
2635,38115
2636,48939
2637,45921
2638,40970
2639,41707
2640,36509
2641,39926
2642,49269
2643,42942
2644,38253
2645,38869
2646,49980
2647,36813
2648,40135
2649,42003
2650,43189
2651,42431
2652,37312
2653,36226
2654,41084
2655,35641
2656,44238
2657,39690
2658,40854
2659,41862
2660,36311
2661,38761
2662,38164
2663,49736
2664,38572
2665,39810
2666,44224
2667,41688
2668,43941
2669,41766
2670,35059
2671,36658
2672,40185
2673,49319
2674,37248
2675,42763
2676,35960
2677,40943
2678,45187
2679,43362
2680,38204
2681,38086
2682,40272
2683,39740
2684,37350
2685,47902
2686,47800
2687,41442
2688,35481
2689,48070
2690,39403
2691,35005
2692,42002
2693,49661
2694,37750
2695,46094
2696,35862
2697,39014
2698,46086
2699,42516
2700,38941
2701,43187
2702,48262
2703,36132
2704,37821
2705,37117
2706,41756
2707,44769
2708,46771
2709,48518
2710,46677
2711,46905
2712,48545
2713,41175
2714,49789
2715,48017
2716,41509
2717,46566
2718,35581
2719,39967
2720,40605
2721,48011
2722,49257
2723,43425
2724,38163
2725,46314
2726,45707
2727,45915
2728,36974
2729,42683
2730,40765
2731,45296
2732,49804
2733,44246
2734,43709
2735,48764
2736,46552
2737,45421
2738,46317
2739,42569
2740,36811
2741,46818
2742,48538
2743,49408
2744,43751
2745,46273
2746,47674
2747,43226
2748,40208
2749,41371
2750,40555
2751,35165
2752,41971
2753,46281
2754,45455
2755,42673
2756,45966
2757,47264
2758,42767
2759,45226
2760,45613
2761,49676
2762,46087
2763,49915
2764,41625
2765,36789
2766,42897
2767,45178
2768,36397
2769,48380
2770,40554
2771,37197
2772,39800
2773,40928
2774,40437
2775,46202
2776,46707
2777,45680
2778,39602
2779,41674
2780,43088
2781,43835
2782,36500
2783,43478
2784,39592
2785,38523
2786,43258
2787,38008
2788,39465
2789,38214
2790,41926
2791,40662
2792,49758
2793,45004
2794,39120
2795,40138
2796,40984
2797,40352
2798,39601
2799,43834
2800,37124
2801,47289
2802,36304
2803,35881
2804,43652
2805,47982
2806,37338
2807,37465
2808,37183
2809,49522
2810,46442
2811,39005
2812,39853
2813,36693
2814,42751
2815,40082
2816,43506
2817,48570
2818,46355
2819,48895
2820,36842
2821,35793
2822,46640
2823,41816
2824,41959
2825,39309
2826,40285
2827,49303
2828,40241
2829,41673
2830,43968
2831,46225
2832,40123
2833,35674
2834,49411
2835,38436
2836,40957
2837,41972
2838,42130
2839,41882
2840,43265
2841,35681
2842,40884
2843,46907
2844,39809
2845,48531
2846,42625
2847,35034
2848,45451
2849,47213
2850,38060
2851,49682
2852,48510
2853,47156
2854,48387
2855,37501
2856,38541
2857,36089
2858,36522
2859,47975
2860,37703
2861,36980
2862,38343
2863,42132
2864,38295
2865,43828
2866,35865
2867,47682
2868,37917
2869,39488
2870,49926
2871,35899
2872,44064
2873,38562
2874,49403
2875,35727
2876,48261
2877,37826
2878,48477
2879,42636
2880,49140
2881,37447
2882,39009
2883,47019
2884,47621
2885,44949
2886,45920
2887,37659
2888,45455
2889,42793
2890,37612
2891,40486
2892,47948
2893,47909
2894,44342
2895,37509
2896,49698
2897,38116
2898,45589
2899,35345
2900,48035
2901,37785
2902,35224
2903,39535
2904,44723
2905,36202
2906,36714
2907,41098
2908,37761
2909,40044
2910,45896
2911,37093
2912,37661
2913,40958
2914,43869
2915,44027
2916,48698
2917,45566
2918,40412
2919,35496
2920,41733
2921,45162
2922,39675
2923,39332
2924,45803
2925,49438
2926,46126
2927,43656
2928,48855
2929,44549
2930,43634
2931,37648
2932,35162
2933,45721
2934,43571
2935,45191
2936,48530
2937,45084
2938,40978
2939,40874
2940,45865
2941,35162
2942,47929
2943,46945
2944,43166
2945,41176
2946,47516
2947,36960
2948,47983
2949,35361
2950,37377
2951,45271
2952,44890
2953,35755
2954,39750
2955,46479
2956,36521
2957,44670
2958,47496
2959,46555
2960,41986
2961,37833
2962,41520
2963,36468
2964,47675
2965,40271
2966,37664
2967,49383
2968,37441
2969,45191
2970,48912
2971,36063
2972,46146
2973,48489
2974,48605
2975,48512
2976,42198
2977,48443
2978,46712
2979,42598
2980,41728
2981,42373
2982,35416
2983,37123
2984,39925
2985,40414
2986,35932
2987,45499
2988,40929
2989,45519
2990,40736
2991,48008
2992,47979
2993,40182
2994,42797
2995,40348
2996,49664
2997,45885
2998,43731
2999,49213
3000,44085
3001,44554
3002,47374
3003,46657
3004,37144
3005,45178
3006,48646
3007,35209
3008,37603
3009,40560
3010,43711
3011,38409
3012,41379
3013,47234
3014,36073
3015,46088
3016,49556
3017,38642
3018,40020
3019,42920
3020,40276
3021,35824
3022,49331
3023,45533
3024,48473
3025,41445
3026,47301
3027,36133
3028,38230
3029,46772
3030,41179
3031,45020
3032,40086
3033,42028
3034,37155
3035,49461
3036,35445
3037,39491
3038,44678
3039,39649
3040,49060
3041,44454
3042,35554
3043,38845
3044,45313
3045,44022
3046,39173
3047,49490
3048,45109
3049,35347
3050,36855
3051,49218
3052,43892
3053,40804
3054,46834
3055,40278
3056,40173
3057,45279
3058,45170
3059,35430
3060,41776
3061,43627
3062,45216
3063,35600
3064,44717
3065,35920
3066,49311
3067,46539
3068,42780
3069,48833
3070,44113
3071,41430
3072,44001
3073,40356
3074,48161
3075,44855
3076,47509
3077,49708
3078,43433
3079,49377
3080,40729
3081,36978
3082,44528
3083,35968
3084,45038
3085,38011
3086,48284
3087,48968
3088,46407
3089,43323
3090,47077
3091,40818
3092,39088
3093,41131
3094,42745
3095,45765
3096,39010
3097,42747
3098,49784
3099,45729
3100,39353
3101,40091
3102,43433
3103,46361
3104,47442
3105,44797
3106,40185
3107,49460
3108,48339
3109,48113
3110,45777
3111,46458
3112,38702
3113,41720
3114,38686
3115,36021
3116,38174
3117,39514
3118,36289
3119,41634
3120,36321
3121,39728
3122,48960
3123,37279
3124,35487
3125,43220
3126,47817
3127,47555
3128,44387
3129,41132
3130,42809
3131,42932
3132,46900
3133,49685
3134,39206
3135,35583
3136,46835
3137,35863
3138,44164
3139,42202
3140,48842
3141,45392
3142,43497
3143,48901
3144,41144
3145,47561
3146,48943
3147,35560
3148,42892
3149,36278
3150,44454
3151,45288
3152,39258
3153,45521
3154,48940
3155,42130
3156,45781
3157,47619
3158,47149
3159,47045
3160,47919
3161,40268
3162,44846
3163,37448
3164,39500
3165,37519
3166,35584
3167,44475
3168,41466
3169,44222
3170,48431
3171,36002
3172,36331
3173,44217
3174,49975
3175,38685
3176,46351
3177,39372
3178,41970
3179,35151
3180,36969
3181,37639
3182,49823
3183,35579
3184,41858
3185,40063
3186,47899
3187,46849
3188,35647
3189,48704
3190,49995
3191,36056
3192,37741
3193,38066
3194,40145
3195,45343
3196,42697
3197,40345
3198,44359
3199,48559
3200,40679
3201,37042
3202,40316
3203,47696
3204,39274
3205,35323
3206,38129
3207,43707
3208,43437
3209,36169
3210,46029
3211,41748
3212,45293
3213,37303
3214,35952
3215,46355
3216,49506
3217,38709
3218,41796
3219,38917
3220,42961
3221,49468
3222,35221
3223,49799
3224,44462
3225,37402
3226,43186
3227,46825
3228,41164
3229,42365
3230,36088
3231,49252
3232,49470
3233,38066
3234,36708
3235,43934
3236,38997
3237,36096
3238,43099
3239,49555
3240,44787
3241,43550
3242,46783
3243,49434
3244,35302
3245,37129
3246,48612
3247,47108
3248,37164
3249,45924
3250,36815
3251,49301
3252,42812
3253,45509
3254,36138
3255,40821
3256,41430
3257,42638
3258,35486
3259,37369
3260,47651
3261,36166
3262,40106
3263,46673
3264,47575
3265,45872
3266,39643
3267,48939
3268,41099
3269,39773
3270,49863
3271,46850
3272,42335
3273,39445
3274,46650
3275,49901
3276,42475
3277,38992
3278,47690
3279,46658
3280,48035
3281,38234
3282,35266
3283,37427
3284,35130
3285,42386
3286,40422
3287,37558
3288,48508
3289,41408
3290,36532
3291,37110
3292,35413
3293,42195
3294,43764
3295,44682
3296,45992
3297,46690
3298,39555
3299,37019
3300,44846
3301,49326
3302,44162
3303,36947
3304,45317
3305,48708
3306,47773
3307,38979
3308,44652
3309,45784
3310,42912
3311,36300
3312,47657
3313,40599
3314,38696
3315,45638
3316,37759
3317,47285
3318,45166
3319,42026
3320,41513
3321,42193
3322,37281
3323,49550
3324,46990
3325,43904
3326,42011
3327,40756
3328,46809
3329,46302
3330,48395
3331,42074
3332,46093
3333,43906
3334,49344
3335,37982
3336,37375
3337,48684
3338,49077
3339,39174
3340,35563
3341,37615
3342,39469
3343,40069
3344,49753
3345,47561
3346,36348
3347,36167
3348,48591
3349,38316
3350,48284
3351,46409
3352,41694
3353,42017
3354,46623
3355,40250
3356,47245
3357,48032
3358,37192
3359,39392
3360,42527
3361,44097
3362,49682
3363,37641
3364,49710
3365,49878
3366,38022
3367,37620
3368,41922
3369,36181
3370,37928
3371,36090
3372,37929
3373,41421
3374,41734
3375,46799
3376,40354
3377,43134
3378,42943
3379,39021
3380,39974
3381,47307
3382,46942
3383,35242
3384,44175
3385,42910
3386,36149
3387,49905
3388,42431
3389,44379
3390,49339
3391,38737
3392,43968
3393,45265
3394,39664
3395,43389
3396,46835
3397,35650
3398,39338
3399,36831
3400,38351
3401,42412
3402,46799
3403,46969
3404,36649
3405,38844
3406,39259
3407,45807
3408,39482
3409,35554
3410,35447
3411,39076
3412,39201
3413,47648
3414,44407
3415,46309
3416,40674
3417,42634
3418,37711
3419,49684
3420,36025
3421,40847
3422,41236
3423,37171
3424,45509
3425,49199
3426,43649
3427,37156
3428,47690
3429,39449
3430,48737
3431,47878
3432,44642
3433,36793
3434,41738
3435,43026
3436,48629
3437,42626
3438,36268
3439,46667
3440,43796
3441,40155
3442,49090
3443,44935
3444,42582
3445,45794
3446,42979
3447,43003
3448,44029
3449,48659
3450,47072
3451,47594
3452,44838
3453,42689
3454,45166
3455,46591
3456,35587
3457,36485
3458,48842
3459,37091
3460,46919
3461,41327
3462,36313
3463,45474
3464,42652
3465,37388
3466,39342
3467,47180
3468,43613
3469,47643
3470,37598
3471,47516
3472,49553
3473,40734
3474,49943
3475,45030
3476,45562
3477,38957
3478,38289
3479,45093
3480,41890
3481,40383
3482,47616
3483,47388
3484,43423
3485,36709
3486,36818
3487,41362
3488,48606
3489,44830
3490,37884
3491,35503
3492,46378
3493,46948
3494,44363
3495,37033
3496,35064
3497,37372
3498,41094
3499,38373
3500,49364
3501,35841
3502,35459
3503,41782
3504,38637
3505,35862
3506,35860
3507,48076
3508,39116
3509,45853
3510,36351
3511,48739
3512,47143
3513,45918
3514,43663
3515,39583
3516,47649
3517,48677
3518,43255
3519,40137
3520,42280
3521,43369
3522,37460
3523,49172
3524,47911
3525,44838
3526,43282
3527,38335
3528,37083
3529,46568
3530,48388
3531,49969
3532,49435
3533,48520
3534,36447
3535,43753
3536,36209
3537,45947
3538,49129
3539,46690
3540,37537
3541,47268
3542,48311
3543,37639
3544,48126
3545,36283
3546,38666
3547,48097
3548,45050
3549,43040
3550,48356
3551,39161
3552,36782
3553,48826
3554,41049
3555,47978
3556,40610
3557,49619
3558,38876
3559,38416
3560,43071
3561,45479
3562,49883
3563,42528
3564,47481
3565,35001
3566,36657
3567,39996
3568,41289
3569,42050
3570,48165
3571,43424
3572,42103
3573,35653
3574,47657
3575,47569
3576,36788
3577,44814
3578,39329
3579,40851
3580,49649
3581,40384
3582,48051
3583,37697
3584,44841
3585,41036
3586,37446
3587,40296
3588,41384
3589,49967
3590,37446
3591,36722
3592,48309
3593,45657
3594,42055
3595,46473
3596,44899
3597,42205
3598,45936
3599,38442
3600,49554
3601,40056
3602,43445
3603,46192
3604,44269
3605,49392
3606,39286
3607,46263
3608,49840
3609,40504
3610,41839
3611,45923
3612,46054
3613,40485
3614,38629
3615,35688
3616,47201
3617,39497
3618,42113
3619,42665
3620,49522
3621,49561
3622,37757
3623,37018
3624,41045
3625,38354
3626,42082
3627,40026
3628,45652
3629,35734
3630,49451
3631,39089
3632,40052
3633,45865
3634,47453
3635,42910
3636,39205
3637,38224
3638,43792
3639,38353
3640,40471
3641,49534
3642,43552
3643,45994
3644,42607
3645,44845
3646,42332
3647,36935
3648,48598
3649,35871
3650,40410
3651,35655
3652,40190
3653,37465
3654,41847
3655,45959
3656,37214
3657,46916
3658,44211
3659,39414
3660,40157
3661,36473
3662,49661
3663,49794
3664,39420
3665,44595
3666,44462
3667,45965
3668,35753
3669,41563
3670,37632
3671,36140
3672,40475
3673,38272
3674,43019
3675,49547
3676,47284
3677,42847
3678,36636
3679,42990
3680,47871
3681,42849
3682,43553
3683,48981
3684,39718
3685,41006
3686,48158
3687,43960
3688,43611
3689,44529
3690,37710
3691,48525
3692,47756
3693,48113
3694,35521
3695,36213
3696,46250
3697,49570
3698,49076
3699,39349
3700,42507
3701,36517
3702,45140
3703,38963
3704,43222
3705,42792
3706,48225
3707,49136
3708,38599
3709,35808
3710,39225
3711,40678
3712,45978
3713,49006
3714,46088
3715,46233
3716,40703
3717,45565
3718,48158
3719,40999
3720,42253
3721,35392
3722,49213
3723,46330
3724,44654
3725,35779
3726,38037
3727,39633
3728,39922
3729,46584
3730,36525
3731,44869
3732,35705
3733,43300
3734,36584
3735,42523
3736,45184
3737,38713
3738,43788
3739,43309
3740,46374
3741,38901
3742,37104
3743,43158
3744,49795
3745,44628
3746,41274
3747,41080
3748,49830
3749,43323
3750,36375
3751,43867
3752,42140
3753,44915
3754,45785
3755,39661
3756,41367
3757,44403
3758,44938
3759,41261
3760,48348
3761,47852
3762,37524
3763,36819
3764,47365
3765,43357
3766,43751
3767,37364
3768,46872
3769,37784
3770,45024
3771,42598
3772,40956
3773,45520
3774,36594
3775,48995
3776,43926
3777,36378
3778,49554
3779,36566
3780,42515
3781,37691
3782,47163
3783,35957
3784,45910
3785,37049
3786,48269
3787,39566
3788,37867
3789,36009
3790,42141
3791,41003
3792,40914
3793,38950
3794,48148
3795,42096
3796,48156
3797,38726
3798,42260
3799,37213
3800,41489
3801,41372
3802,35131
3803,46753
3804,35542
3805,39491
3806,48120
3807,41539
3808,38881
3809,36835
3810,35931
3811,46505
3812,47955
3813,36875
3814,45427
3815,38488
3816,35789
3817,40649
3818,41024
3819,48441
3820,47424
3821,39070
3822,45747
3823,36381
3824,48138
3825,38158
3826,40250
3827,45618
3828,46639
3829,44764
3830,41652
3831,42861
3832,48440
3833,40756
3834,44538
3835,44106
3836,37022
3837,44134
3838,41707
3839,47296
3840,42958
3841,38528
3842,38833
3843,48746
3844,41131
3845,48217
3846,47354
3847,35358
3848,43854
3849,44618
3850,48206
3851,46074
3852,40048
3853,40513
3854,41715
3855,41242
3856,49785
3857,47933
3858,36681
3859,46095
3860,41356
3861,48825
3862,39341
3863,45989
3864,36538
3865,44368
3866,36431
3867,36985
3868,44100
3869,44808
3870,37485
3871,42358
3872,45143
3873,45582
3874,37019
3875,41794
3876,36704
3877,49326
3878,41031
3879,43224
3880,43172
3881,36149
3882,48224
3883,39770
3884,42257
3885,35192
3886,39029
3887,36967
3888,36321
3889,49515
3890,46511
3891,49952
3892,37564
3893,39958
3894,42674
3895,46739
3896,40098
3897,47794
3898,47778
3899,38245
3900,36947
3901,43840
3902,36147
3903,35320
3904,37976
3905,37539
3906,47530
3907,38089
3908,48579
3909,43572
3910,39893
3911,35222
3912,36576
3913,36302
3914,39376
3915,38488
3916,42691
3917,46448
3918,48215
3919,44480
3920,47430
3921,44286
3922,42710
3923,37873
3924,49353
3925,44613
3926,38319
3927,36965
3928,40472
3929,43832
3930,41270
3931,40459
3932,40632
3933,39695
3934,40300
3935,48767
3936,36551
3937,40817
3938,40162
3939,44272
3940,40215
3941,49996
3942,40398
3943,45998
3944,47465
3945,45361
3946,43977
3947,48576
3948,49264
3949,42454
3950,49704
3951,35802
3952,44003
3953,45228
3954,38109
3955,35684
3956,35136
3957,46796
3958,37031
3959,44721
3960,45071
3961,35750
3962,44974
3963,35800
3964,40154
3965,41602
3966,37715
3967,45817
3968,39364
3969,36111
3970,38900
3971,40440
3972,42287
3973,44104
3974,43273
3975,36420
3976,49241
3977,45623
3978,36748
3979,44535
3980,43053
3981,44294
3982,35007
3983,45683
3984,44140
3985,44620
3986,49479
3987,48032
3988,36244
3989,44930
3990,45885
3991,37079
3992,42556
3993,48925
3994,42614
3995,44995
3996,37675
3997,49365
3998,41138
3999,48341
4000,39940
4001,38494
4002,42638
4003,41427
4004,36106
4005,43019
4006,45048
4007,35864
4008,36664
4009,43061
4010,47627
4011,48965
4012,45182
4013,36985
4014,41085
4015,40201
4016,47250
4017,37765
4018,47605
4019,39201
4020,47016
4021,44197
4022,48525
4023,43348
4024,40397
4025,41049
4026,44253
4027,37869
4028,35712
4029,40389
4030,42815
4031,38100
4032,39260
4033,35823
4034,47705
4035,48832
4036,46649
4037,45249
4038,36245
4039,46664
4040,48868
4041,39777
4042,43598
4043,35937
4044,44562
4045,44384
4046,43019
4047,41761
4048,39900
4049,45980
4050,42939
4051,38935
4052,37206
4053,40626
4054,48070
4055,39775
4056,35964
4057,49324
4058,41073
4059,48119
4060,49796
4061,43453
4062,48832
4063,43030
4064,49492
4065,41635
4066,42068
4067,47448
4068,35717
4069,49221
4070,42062
4071,41041
4072,36130
4073,37199
4074,35180
4075,43076
4076,42680
4077,43525
4078,38566
4079,45163
4080,45951
4081,47726
4082,36427
4083,41146
4084,38770
4085,36951
4086,39506
4087,46719
4088,48812
4089,37271
4090,40308
4091,40642
4092,40046
4093,42306
4094,35275
4095,47798
4096,46653
4097,46225
4098,48743
4099,40221
4100,46738
4101,42960
4102,40290
4103,49628
4104,40687
4105,38052
4106,46865
4107,39105
4108,42846
4109,46965
4110,47893
4111,38057
4112,48614
4113,45724
4114,39568
4115,36208
4116,42977
4117,44242
4118,39818
4119,49160
4120,48710
4121,48268
4122,42628
4123,37387
4124,41120
4125,37501
4126,37242
4127,48894
4128,43181
4129,41380
4130,42241
4131,40004
4132,38272
4133,42958
4134,45397
4135,45909
4136,46137
4137,36265
4138,35012
4139,47760
4140,42641
4141,44316
4142,35868
4143,48765
4144,38494
4145,41484
4146,39618
4147,39006
4148,46372
4149,41690
4150,36846
4151,48153
4152,36245
4153,42907
4154,42133
4155,42612
4156,39653
4157,36035
4158,43176
4159,38183
4160,44432
4161,46283
4162,36219
4163,35123
4164,47283
4165,44122
4166,38959
4167,47337
4168,48039
4169,35957
4170,37978
4171,36244
4172,37167
4173,48911
4174,35269
4175,42465
4176,39874
4177,37250
4178,39496
4179,37328
4180,38004
4181,35020
4182,44125
4183,47394
4184,49989
4185,45738
4186,35639
4187,43359
4188,35916
4189,47387
4190,36777
4191,42807
4192,37773
4193,45947
4194,45500
4195,36972
4196,48222
4197,46849
4198,35827
4199,48601
4200,46129
4201,48262
4202,41051
4203,49226
4204,39372
4205,43766
4206,37784
4207,36106
4208,44333
4209,49291
4210,39798
4211,39154
4212,44878
4213,40351
4214,46072
4215,46027
4216,44520
4217,48715
4218,43321
4219,43010
4220,49077
4221,43842
4222,38155
4223,37279
4224,47187
4225,40434
4226,36144
4227,41139
4228,39666
4229,43153
4230,35829
4231,45286
4232,39314
4233,37544
4234,35239
4235,40202
4236,44245
4237,47162
4238,44856
4239,40663
4240,42634
4241,37249
4242,44904
4243,44625
4244,49399
4245,48346
4246,45511
4247,47986
4248,48591
4249,43659
4250,42204
4251,39189
4252,46919
4253,36188
4254,39149
4255,35574
4256,36994
4257,41210
4258,46600
4259,48730
4260,36944
4261,39260
4262,40052
4263,40174
4264,46205
4265,49527
4266,49976
4267,39887
4268,40648
4269,40232
4270,44030
4271,39113
4272,44319
4273,47245
4274,37186
4275,36875
4276,38485
4277,46286
4278,35946
4279,40501
4280,46840
4281,36944
4282,36768
4283,48722
4284,36304
4285,36000
4286,35864
4287,49080
4288,37394
4289,47762
4290,43014
4291,43159
4292,49961
4293,37551
4294,38966
4295,44580
4296,48844
4297,38683
4298,35657
4299,46072
4300,43649
4301,39861
4302,45657
4303,37134
4304,43852
4305,43597
4306,39835
4307,37875
4308,45901
4309,38254
4310,39354
4311,45580
4312,41487
4313,44363
4314,43848
4315,45552
4316,38674
4317,47994
4318,38974
4319,47004
4320,35356
4321,44662
4322,41093
4323,38431
4324,47584
4325,35320
4326,45969
4327,47949
4328,48076
4329,37591
4330,44355
4331,35544
4332,44493
4333,49053
4334,47469
4335,36771
4336,41210
4337,42269
4338,37231
4339,41493
4340,43357
4341,39103
4342,39969
4343,36563
4344,37324
4345,43526
4346,38688
4347,44956
4348,46500
4349,42636
4350,49575
4351,45561
4352,38850
4353,44851
4354,45999
4355,35022
4356,42789
4357,43869
4358,46634
4359,44565
4360,49322
4361,42755
4362,43146
4363,48219
4364,37770
4365,48846
4366,47159
4367,46483
4368,41307
4369,46581
4370,44671
4371,35998
4372,45667
4373,46241
4374,47637
4375,39519
4376,35164
4377,36303
4378,47388
4379,43352
4380,37953
4381,38972
4382,42459
4383,41536
4384,47859
4385,43893
4386,43049
4387,36099
4388,37562
4389,42187
4390,35268
4391,47844
4392,36397
4393,35490
4394,41446
4395,37881
4396,46015
4397,45762
4398,40125
4399,45855
4400,43439
4401,36239
4402,47607
4403,45211
4404,42421
4405,43965
4406,38271
4407,45212
4408,41321
4409,42697
4410,43511
4411,35179
4412,45511
4413,45775
4414,37297
4415,41607
4416,41893
4417,43383
4418,47319
4419,39788
4420,47508
4421,35980
4422,44897
4423,38475
4424,44952
4425,40524
4426,45593
4427,36900
4428,42651
4429,44245
4430,46172
4431,36167
4432,37663
4433,40561
4434,47570
4435,46510
4436,38349
4437,47429
4438,40896
4439,42834
4440,41316
4441,45247
4442,49514
4443,37234
4444,49930
4445,36788
4446,45931
4447,38324
4448,43170
4449,42029
4450,45508
4451,41126
4452,44927
4453,46492
4454,46878
4455,44173
4456,48314
4457,47776
4458,35427
4459,35861
4460,39846
4461,43353
4462,49650
4463,48950
4464,49288
4465,48466
4466,48760
4467,39237
4468,35849
4469,49512
4470,39815
4471,46038
4472,46834
4473,37003
4474,35191
4475,46803
4476,43487
4477,49407
4478,46559
4479,44478
4480,35025
4481,35726
4482,44497
4483,36012
4484,49279
4485,36027
4486,40463
4487,43644
4488,35054
4489,35441
4490,47175
4491,35799
4492,43009
4493,49240
4494,47396
4495,43246
4496,44631
4497,43613
4498,43717
4499,38976
4500,40673
4501,48519
4502,38181
4503,44022
4504,35932
4505,48815
4506,48180
4507,39486
4508,49291
4509,44632
4510,44396
4511,37064
4512,45963
4513,49781
4514,36395
4515,35547
4516,44078
4517,46853
4518,35499
4519,41417
4520,36491
4521,46203
4522,44244
4523,36699
4524,40430
4525,46447
4526,37111
4527,42307
4528,45550
4529,38353
4530,40238
4531,48272
4532,37781
4533,37737
4534,43046
4535,45375
4536,43228
4537,48935
4538,41022
4539,47518
4540,35668
4541,45250
4542,38855
4543,45557
4544,42652
4545,42950
4546,41039
4547,43458
4548,43300
4549,41148
4550,47031
4551,45810
4552,45243
4553,48606
4554,36543
4555,48117
4556,47815
4557,41257
4558,39795
4559,35325
4560,41394
4561,46825
4562,40804
4563,36346
4564,44295
4565,35929
4566,48343
4567,47518
4568,37362
4569,36248
4570,47143
4571,35789
4572,38459
4573,48508
4574,39294
4575,41620
4576,47212
4577,42292
4578,40086
4579,37501
4580,48952
4581,44472
4582,47675
4583,43204
4584,47818
4585,49998
4586,42580
4587,42174
4588,38860
4589,46851
4590,49634
4591,45917
4592,45832
4593,42472
4594,46867
4595,40984
4596,46897
4597,48202
4598,40875
4599,44207
4600,41779
4601,46196
4602,45158
4603,48509
4604,37649
4605,35405
4606,44852
4607,44107
4608,37188
4609,42929
4610,47098
4611,49222
4612,36519
4613,42699
4614,41547
4615,47597
4616,38134
4617,49652
4618,41648
4619,37235
4620,46322
4621,48165
4622,47165
4623,35178
4624,46846
4625,45571
4626,39886
4627,39006
4628,45955
4629,46747
4630,48462
4631,40366
4632,37128
4633,45537
4634,44607
4635,40623
4636,43703
4637,35908
4638,37526
4639,49384
4640,37493
4641,36659
4642,43863
4643,39025
4644,36338
4645,48182
4646,36061
4647,37556
4648,49854
4649,49271
4650,42332
4651,35616
4652,39148
4653,36531
4654,43768
4655,47600
4656,37274
4657,36869
4658,41040
4659,39817
4660,40681
4661,44354
4662,46477
4663,36408
4664,49120
4665,41801
4666,42722
4667,40645
4668,39261
4669,48053
4670,40607
4671,38687
4672,45559
4673,42391
4674,37341
4675,41394
4676,43021
4677,35347
4678,40617
4679,48717
4680,46096
4681,46034
4682,42019
4683,44705
4684,40554
4685,46685
4686,45382
4687,43498
4688,35038
4689,43346
4690,47047
4691,49048
4692,38172
4693,45274
4694,40964
4695,47317
4696,37563
4697,39568
4698,42398
4699,36648
4700,42718
4701,46098
4702,45244
4703,44111
4704,35194
4705,45874
4706,43405
4707,42498
4708,40420
4709,46172
4710,41154
4711,49069
4712,37287
4713,39164
4714,45198
4715,42348
4716,40744
4717,46791
4718,48037
4719,39066
4720,35398
4721,45760
4722,36635
4723,43920
4724,49788
4725,42948
4726,38728
4727,49792
4728,48204
4729,35425
4730,37651
4731,37802
4732,48834
4733,40881
4734,46824
4735,41848
4736,39808
4737,49261
4738,40526
4739,37628
4740,42433
4741,36814
4742,44363
4743,40801
4744,35591
4745,49180
4746,46581
4747,46947
4748,46102
4749,40299
4750,47384
4751,49542
4752,49295
4753,39046
4754,38357
4755,45475
4756,42916
4757,48485
4758,47159
4759,39441
4760,36312
4761,41375
4762,36909
4763,44892
4764,35013
4765,37584
4766,35629
4767,36391
4768,37360
4769,40901
4770,48796
4771,49025
4772,47513
4773,39917
4774,43979
4775,46630
4776,44831
4777,45130
4778,46261
4779,45819
4780,38121
4781,46866
4782,44823
4783,40972
4784,35745
4785,37221
4786,36315
4787,47113
4788,44557
4789,36920
4790,36952
4791,39167
4792,42908
4793,45671
4794,35987
4795,44333
4796,48948
4797,43144
4798,41599
4799,42903
4800,41464
4801,46786
4802,42701
4803,42581
4804,36222
4805,35340
4806,44379
4807,46087
4808,42637
4809,37791
4810,40797
4811,37051
4812,43664
4813,44793
4814,36870
4815,45527
4816,43902
4817,38616
4818,40577
4819,45605
4820,48030
4821,40831
4822,41035
4823,43128
4824,47701
4825,49006
4826,37781
4827,39615
4828,47467
4829,35571
4830,39039
4831,38690
4832,49682
4833,49731
4834,35481
4835,35277
4836,44342
4837,40116
4838,42355
4839,42235
4840,35438
4841,43633
4842,40541
4843,43126
4844,40277
4845,37197
4846,38315
4847,45415
4848,40219
4849,49339
4850,41120
4851,49180
4852,46627
4853,43990
4854,47864
4855,37995
4856,46710
4857,42669
4858,37408
4859,45216
4860,47646
4861,37012
4862,47064
4863,38823
4864,35264
4865,39285
4866,41030
4867,43159
4868,47949
4869,44052
4870,44429
4871,44845
4872,36975
4873,45085
4874,40245
4875,47220
4876,43315
4877,46526
4878,41544
4879,39741
4880,35555
4881,39450
4882,38059
4883,45947
4884,45368
4885,42936
4886,44016
4887,48288
4888,36026
4889,35738
4890,46717
4891,43283
4892,35722
4893,48108
4894,47141
4895,41509
4896,49628
4897,49635
4898,36484
4899,45127
4900,49768
4901,35272
4902,46602
4903,35319
4904,40505
4905,48585
4906,41600
4907,45344
4908,36435
4909,45791
4910,37365
4911,37579
4912,48835
4913,37356
4914,44116
4915,39634
4916,48244
4917,47114
4918,45216
4919,37022
4920,37420
4921,40046
4922,49572
4923,48119
4924,43590
4925,43511
4926,44298
4927,35219
4928,44416
4929,47559
4930,36903
4931,37462
4932,45649
4933,38029
4934,38018
4935,44070
4936,43303
4937,38329
4938,35372
4939,44517
4940,43272
4941,48251
4942,47713
4943,45474
4944,39756
4945,44666
4946,45069
4947,43102
4948,41410
4949,44089
4950,36835
4951,46538
4952,35639
4953,42386
4954,46234
4955,47716
4956,36143
4957,46316
4958,49439
4959,42962
4960,45532
4961,48788
4962,41639
4963,47426
4964,47910
4965,39180
4966,46247
4967,36276
4968,38908
4969,41410
4970,43239
4971,49739
4972,35843
4973,38970
4974,36181
4975,40969
4976,44639
4977,37145
4978,38628
4979,37905
4980,39501
4981,43363
4982,35746
4983,41281
4984,41877
4985,47935
4986,46475
4987,40893
4988,40577
4989,38852
4990,41246
4991,45254
4992,45716
4993,43582
4994,41921
4995,35184
4996,35998
4997,49483
4998,40564
4999,49211
5000,35472
5001,40484
5002,37721
5003,41040
5004,36333
5005,35248
5006,42834
5007,35013
5008,36197
5009,49542
5010,37533
5011,47354
5012,46544
5013,38688
5014,42744
5015,46808
5016,46338
5017,36050
5018,48398
5019,41136
5020,36929
5021,46695
5022,36895
5023,35955
5024,44233
5025,45444
5026,35825
5027,38027
5028,39580
5029,42593
5030,47978
5031,36852
5032,44013
5033,48116
5034,43456
5035,39935
5036,45273
5037,36405
5038,45557
5039,42320
5040,42752
5041,47771
5042,42452
5043,45432
5044,46029
5045,45286
5046,37694
5047,37244
5048,35762
5049,38038
5050,41525
5051,35066
5052,37219
5053,37406
5054,48243
5055,36260
5056,48751
5057,42530
5058,37701
5059,40968
5060,41625
5061,42700
5062,40106
5063,43011
5064,41588
5065,47493
5066,47207
5067,40912
5068,49542
5069,46614
5070,44311
5071,45369
5072,43451
5073,45710
5074,40110
5075,42961
5076,46926
5077,38422
5078,45643
5079,38712
5080,42040
5081,43971
5082,47540
5083,37261
5084,47240
5085,41468
5086,36000
5087,40987
5088,36623
5089,37382
5090,45719
5091,36715
5092,44508
5093,45898
5094,48535
5095,36854
5096,38560
5097,37048
5098,49563
5099,43776
5100,35394
5101,44336
5102,44523
5103,46472
5104,43693
5105,35897
5106,47508
5107,46940
5108,35771
5109,36471
5110,41801
5111,39907
5112,37885
5113,48116
5114,41920
5115,40578
5116,37671
5117,41199
5118,40307
5119,36708
5120,35889
5121,36319
5122,47571
5123,43203
5124,45983
5125,47138
5126,46450
5127,40828
5128,37711
5129,41862
5130,38535
5131,39830
5132,39536
5133,44103
5134,40625
5135,49338
5136,39962
5137,39248
5138,35820
5139,35281
5140,44050
5141,48862
5142,36184
5143,36070
5144,39098
5145,35695
5146,40576
5147,36091
5148,45550
5149,47804
5150,40722
5151,47016
5152,39233
5153,35869
5154,43533
5155,44233
5156,44338
5157,41733
5158,44994
5159,40764
5160,37010
5161,40872
5162,42518
5163,36868
5164,39718
5165,45739
5166,45186
5167,40663
5168,44718
5169,38690
5170,36878
5171,49201
5172,47801
5173,38282
5174,46297
5175,36345
5176,43307
5177,35108
5178,47277
5179,42801
5180,38487
5181,45652
5182,42093
5183,35408
5184,43517
5185,35715
5186,42857
5187,45125
5188,42161
5189,48933
5190,36590
5191,40510
5192,37375
5193,42847
5194,43458
5195,43098
5196,45375
5197,49378
5198,36766
5199,39994
5200,39289
5201,37089
5202,39770
5203,44708
5204,37849
5205,36091
5206,49450
5207,37337
5208,44658
5209,37592
5210,39812
5211,37681
5212,35595
5213,49865
5214,47914
5215,48693
5216,38486
5217,41238
5218,43553
5219,39999
5220,39830
5221,43032
5222,42167
5223,40704
5224,46703
5225,44591
5226,45051
5227,39393
5228,35201
5229,47052
5230,41137
5231,48315
5232,45875
5233,46488
5234,45563
5235,46830
5236,35465
5237,43219
5238,47665
5239,47866
5240,36212
5241,49980
5242,39277
5243,42258
5244,37035
5245,42692
5246,47998
5247,42728
5248,42180
5249,46361
5250,46719
5251,49339
5252,43448
5253,39989
5254,49795
5255,36108
5256,40537
5257,45729
5258,37473
5259,36172
5260,49733
5261,47737
5262,44813
5263,45550
5264,38164
5265,47384
5266,48920
5267,36269
5268,41484
5269,43678
5270,36394
5271,35700
5272,38261
5273,49652
5274,43999
5275,48174
5276,37942
5277,45613
5278,37757
5279,43987
5280,42523
5281,35089
5282,39148
5283,36192
5284,37953
5285,38677
5286,40732
5287,37035
5288,47301
5289,41362
5290,42445
5291,38215
5292,36169
5293,42362
5294,43281
5295,38518
5296,41275
5297,44605
5298,39912
5299,36053
5300,47573
5301,46710
5302,41545
5303,36373
5304,42864
5305,38587
5306,45451
5307,45851
5308,49336
5309,49873
5310,48698
5311,46704
5312,44226
5313,45797
5314,42728
5315,44131
5316,45950
5317,46127
5318,42426
5319,35985
5320,47265
5321,44039
5322,43706
5323,40418
5324,44724
5325,48373
5326,40645
5327,43266
5328,42724
5329,38669
5330,49746
5331,48330
5332,45699
5333,39332
5334,41370
5335,36469
5336,36862
5337,43131
5338,38649
5339,49079
5340,42757
5341,49954
5342,49319
5343,43537
5344,42011
5345,43351
5346,43386
5347,42787
5348,44225
5349,43462
5350,38813
5351,47810
5352,43688
5353,38988
5354,40048
5355,40318
5356,35516
5357,48683
5358,37577
5359,40140
5360,48154
5361,42704
5362,48355
5363,41366
5364,39240
5365,46448
5366,35255
5367,36738
5368,35336
5369,46133
5370,47781
5371,43007
5372,49131
5373,35869
5374,42372
5375,48203
5376,36653
5377,46244
5378,49460
5379,48679
5380,47198
5381,38852
5382,43678
5383,43614
5384,48359
5385,38302
5386,40140
5387,46186
5388,37589
5389,47145
5390,44718
5391,47467
5392,49413
5393,39440
5394,48155
5395,44668
5396,42902
5397,47408
5398,35479
5399,49576
5400,46014
5401,45049
5402,40848
5403,47153
5404,38941
5405,49547
5406,37392
5407,44839
5408,42491
5409,45656
5410,48092
5411,48844
5412,43630
5413,39998
5414,35860
5415,44088
5416,36182
5417,36263
5418,35750
5419,44083
5420,47592
5421,49772
5422,36500
5423,38809
5424,35365
5425,36475
5426,36123
5427,36773
5428,47860
5429,44207
5430,48218
5431,44888
5432,43363
5433,39978
5434,47234
5435,38199
5436,43586
5437,36956
5438,44931
5439,35595
5440,39112
5441,41645
5442,48639
5443,46313
5444,38874
5445,42275
5446,41193
5447,36565
5448,44235
5449,44852
5450,44914
5451,39105
5452,35607
5453,37254
5454,46629
5455,49895
5456,42651
5457,47855
5458,40060
5459,47397
5460,39687
5461,41650
5462,46028
5463,46165
5464,35010
5465,45917
5466,40481
5467,38986
5468,35594
5469,46704
5470,45241
5471,40719
5472,40747
5473,48438
5474,45268
5475,35383
5476,36341
5477,40188
5478,47061
5479,48423
5480,44449
5481,38578
5482,35221
5483,42963
5484,46081
5485,47073
5486,49137
5487,49924
5488,38717
5489,39914
5490,45598
5491,46141
5492,39288
5493,47402
5494,39020
5495,41153
5496,38004
5497,36463
5498,37151
5499,39177
5500,46537
5501,47916
5502,47550
5503,45863
5504,37430
5505,41879
5506,45599
5507,46466
5508,38070
5509,42091
5510,37904
5511,43672
5512,40076
5513,42738
5514,44251
5515,46819
5516,44800
5517,40595
5518,45749
5519,41789
5520,40626
5521,39438
5522,44962
5523,44538
5524,45368
5525,42586
5526,42359
5527,43393
5528,39593
5529,45264
5530,45212
5531,47824
5532,36336
5533,36988
5534,39746
5535,46709
5536,44130
5537,40086
5538,39279
5539,36449
5540,40876
5541,38311
5542,41781
5543,43417
5544,43515
5545,49371
5546,40739
5547,43345
5548,49963
5549,49370
5550,43848
5551,47449
5552,46946
5553,43720
5554,47792
5555,41182
5556,42453
5557,45403
5558,35550
5559,47159
5560,46015
5561,42156
5562,36260
5563,40324
5564,38425
5565,49825
5566,35227
5567,49251
5568,49874
5569,48311
5570,39526
5571,44492
5572,44595
5573,43899
5574,48161
5575,46667
5576,48994
5577,48324
5578,46134
5579,37702
5580,36534
5581,37165
5582,45030
5583,49127
5584,38188
5585,49214
5586,46820
5587,47960
5588,41034
5589,38565
5590,36536
5591,35882
5592,48536
5593,38967
5594,42436
5595,39054
5596,38008
5597,35520
5598,45834
5599,39599
5600,48768
5601,46840
5602,44231
5603,49892
5604,45337
5605,41096
5606,35295
5607,35277
5608,35665
5609,48904
5610,49325
5611,44909
5612,43061
5613,48665
5614,46697
5615,39945
5616,47750
5617,49904
5618,43755
5619,44985
5620,41066
5621,40201
5622,48869
5623,46306
5624,48779
5625,36214
5626,35605
5627,43275
5628,41674
5629,42522
5630,41431
5631,38597
5632,48225
5633,43956
5634,44651
5635,47771
5636,48633
5637,43580
5638,41139
5639,44451
5640,38139
5641,48534
5642,43049
5643,35165
5644,41464
5645,37545
5646,35717
5647,41728
5648,45650
5649,36913
5650,36709
5651,45436
5652,39848
5653,39997
5654,39145
5655,48014
5656,45952
5657,36944
5658,40086
5659,45887
5660,41710
5661,47402
5662,40124
5663,36572
5664,44471
5665,40603
5666,41378
5667,47397
5668,49649
5669,36505
5670,49663
5671,45301
5672,39710
5673,40712
5674,35440
5675,49960
5676,42354
5677,41428
5678,43216
5679,48828
5680,37519
5681,44318
5682,40433
5683,35048
5684,40937
5685,40961
5686,44209
5687,49010
5688,37392
5689,49599
5690,44260
5691,49520
5692,43625
5693,38420
5694,44576
5695,49940
5696,47211
5697,39726
5698,48352
5699,42870
5700,39211
5701,36239
5702,48350
5703,44212
5704,38910
5705,35382
5706,45050
5707,46457
5708,45280
5709,37835
5710,43938
5711,38275
5712,40163
5713,48851
5714,47542
5715,35328
5716,36788
5717,44369
5718,49385
5719,37019
5720,39719
5721,38345
5722,46089
5723,37384
5724,45390
5725,47292
5726,38801
5727,42015
5728,47955
5729,40496
5730,40947
5731,47574
5732,44461
5733,37534
5734,46274
5735,37623
5736,36246
5737,41693
5738,39361
5739,48129
5740,46821
5741,45778
5742,46018
5743,47291
5744,43867
5745,42690
5746,46494
5747,35416
5748,40830
5749,46264
5750,44824
5751,41083
5752,36360
5753,37428
5754,35290
5755,48850
5756,45329
5757,42427
5758,48017
5759,36772
5760,44626
5761,45470
5762,43894
5763,35277
5764,48344
5765,35240
5766,35115
5767,41836
5768,44801
5769,46570
5770,41195
5771,35046
5772,37721
5773,40706
5774,46302
5775,47465
5776,49301
5777,47046
5778,48109
5779,47459
5780,46233
5781,39216
5782,48737
5783,48952
5784,46412
5785,47568
5786,44642
5787,36966
5788,48241
5789,40165
5790,45844
5791,42254
5792,36423
5793,35206
5794,45419
5795,47502
5796,41783
5797,44093
5798,39575
5799,37233
5800,40165
5801,49810
5802,45398
5803,47785
5804,49262
5805,38988
5806,44916
5807,36858
5808,46177
5809,38434
5810,39170
5811,43410
5812,42453
5813,40527
5814,36240
5815,45193
5816,43785
5817,40159
5818,44375
5819,39663
5820,45617
5821,44878
5822,43192
5823,46089
5824,47859
5825,41829
5826,41266
5827,40178
5828,42791
5829,36614
5830,37811
5831,42727
5832,49237
5833,44675
5834,48651
5835,42202
5836,39322
5837,44149
5838,40948
5839,39783
5840,44634
5841,40022
5842,44248
5843,38894
5844,47649
5845,41604
5846,38474
5847,47126
5848,36655
5849,44977
5850,39191
5851,38026
5852,35296
5853,49990
5854,46573
5855,39054
5856,40635
5857,39596
5858,44049
5859,42344
5860,37606
5861,35495
5862,40680
5863,43153
5864,36707
5865,42066
5866,47961
5867,39865
5868,44555
5869,47311
5870,40339
5871,47128
5872,45191
5873,35309
5874,36833
5875,35951
5876,38834
5877,40885
5878,43412
5879,36898
5880,43191
5881,35663
5882,45665
5883,35160
5884,38484
5885,39346
5886,44115
5887,46040
5888,42960
5889,43728
5890,39372
5891,38274
5892,41439
5893,42141
5894,49741
5895,37003
5896,49012
5897,42039
5898,42033
5899,37725
5900,39586
5901,35055
5902,38719
5903,45624
5904,45955
5905,37501
5906,45500
5907,43657
5908,42105
5909,45513
5910,47379
5911,42359
5912,49226
5913,49350
5914,42871
5915,40021
5916,38031
5917,49136
5918,45273
5919,39124
5920,45150
5921,48570
5922,38123
5923,37554
5924,38396
5925,45705
5926,43514
5927,36405
5928,49493
5929,36365
5930,44801
5931,48073
5932,39084
5933,41762
5934,43331
5935,45164
5936,45183
5937,44143
5938,35507
5939,41609
5940,48508
5941,47405
5942,36462
5943,35381
5944,43727
5945,39532
5946,42190
5947,39063
5948,44020
5949,36682
5950,42371
5951,42237
5952,47881
5953,37269
5954,49817
5955,42064
5956,47291
5957,42066
5958,47416
5959,49164
5960,46076
5961,43173
5962,42719
5963,43377
5964,40775
5965,42916
5966,49566
5967,39658
5968,46110
5969,48085
5970,39203
5971,48591
5972,48505
5973,43457
5974,42609
5975,35259
5976,41142
5977,38757
5978,37097
5979,45679
5980,38162
5981,36772
5982,38118
5983,36084
5984,35206
5985,48667
5986,41388
5987,48640
5988,36834
5989,35427
5990,35307
5991,36338
5992,48005
5993,47321
5994,44469
5995,38698
5996,47548
5997,48034
5998,48036
5999,49798
6000,46476
6001,47987
6002,48699
6003,48903
6004,36380
6005,46501
6006,37736
6007,49644
6008,42683
6009,39474
6010,40554
6011,44317
6012,35107
6013,43874
6014,43650
6015,49348
6016,48952
6017,37791
6018,44925
6019,41126
6020,40093
6021,47021
6022,35300
6023,35388
6024,47038
6025,45564
6026,39116
6027,41139
6028,42565
6029,49192
6030,47057
6031,40245
6032,48241
6033,40462
6034,36007
6035,35801
6036,45823
6037,49795
6038,36062
6039,47930
6040,46725
6041,37925
6042,35619
6043,40251
6044,42093
6045,46049
6046,35179
6047,39238
6048,43051
6049,46413
6050,43463
6051,40496
6052,37937
6053,38985
6054,35924
6055,47499
6056,38733
6057,44359
6058,42972
6059,43232
6060,48330
6061,47253
6062,48701
6063,42874
6064,36844
6065,38945
6066,40211
6067,41357
6068,36269
6069,40888
6070,47279
6071,49337
6072,38202
6073,47721
6074,35609
6075,41691
6076,35564
6077,40097
6078,46661
6079,38608
6080,42694
6081,44744
6082,49260
6083,42372
6084,40632
6085,35597
6086,40801
6087,48601
6088,40129
6089,42820
6090,43266
6091,39381
6092,37549
6093,39802
6094,38736
6095,43739
6096,45526
6097,46964
6098,41005
6099,40265
6100,36990
6101,35009
6102,45445
6103,41538
6104,39696
6105,48486
6106,39595
6107,39755
6108,44983
6109,45240
6110,37179
6111,42271
6112,44111
6113,40783
6114,36947
6115,42704
6116,49675
6117,37673
6118,46032
6119,43341
6120,41608
6121,40876
6122,35826
6123,44724
6124,36117
6125,48504
6126,36405
6127,39513
6128,45456
6129,44482
6130,38968
6131,45949
6132,44159
6133,36483
6134,38032
6135,41958
6136,36572
6137,37682
6138,44472
6139,43537
6140,39475
6141,42517
6142,49882
6143,37312
6144,44440
6145,45439
6146,41706
6147,41454
6148,38124
6149,44473
6150,45881
6151,40490
6152,38248
6153,40032
6154,44272
6155,35377
6156,48956
6157,44442
6158,42093
6159,39524
6160,42889
6161,43892
6162,41224
6163,49456
6164,35540
6165,49726
6166,36711
6167,42834
6168,44991
6169,46421
6170,48729
6171,39244
6172,43096
6173,48802
6174,46856
6175,44802
6176,45205
6177,41226
6178,49459
6179,45541
6180,39320
6181,45959
6182,47871
6183,37986
6184,41384
6185,42198
6186,38373
6187,40914
6188,37253
6189,44866
6190,38868
6191,39382
6192,35228
6193,46501
6194,39222
6195,45066
6196,49843
6197,47364
6198,40156
6199,45495
6200,47565
6201,35816
6202,42438
6203,44871
6204,42966
6205,49528
6206,38440
6207,46806
6208,38449
6209,45828
6210,49464
6211,48408
6212,35403
6213,37021
6214,45020
6215,48614
6216,46774
6217,36080
6218,45944
6219,38760
6220,46841
6221,37763
6222,40206
6223,43000
6224,40413
6225,36127
6226,39291
6227,49830
6228,41209
6229,45614
6230,43288
6231,42272
6232,47598
6233,37819
6234,36429
6235,38879
6236,47510
6237,38172
6238,47422
6239,46650
6240,38588
6241,37068
6242,48473
6243,37470
6244,39595
6245,49488
6246,42621
6247,43224
6248,36341
6249,42956
6250,45284
6251,46860
6252,35388
6253,37991
6254,41056
6255,35618
6256,44733
6257,49671
6258,46379
6259,41234
6260,37339
6261,35617
6262,46981
6263,40170
6264,49045
6265,45442
6266,39874
6267,36528
6268,35601
6269,48519
6270,35544
6271,38189
6272,41211
6273,49129
6274,44476
6275,39460
6276,49872
6277,49329
6278,40333
6279,36066
6280,39206
6281,40283
6282,48071
6283,39043
6284,47141
6285,49528
6286,48382
6287,47542
6288,37133
6289,36473
6290,40820
6291,39920
6292,38625
6293,45442
6294,47657
6295,35265
6296,41881
6297,36332
6298,47933
6299,45333
6300,40801
6301,45263
6302,43695
6303,36156
6304,48577
6305,40051
6306,49365
6307,45476
6308,48900
6309,36889
6310,37640
6311,35742
6312,38995
6313,41331
6314,37286
6315,35248
6316,40775
6317,46863
6318,39306
6319,48633
6320,46752
6321,41457
6322,41331
6323,36752
6324,36382
6325,49670
6326,41698
6327,44408
6328,38931
6329,39548
6330,37408
6331,35044
6332,35659
6333,38457
6334,37274
6335,48163
6336,39818
6337,35758
6338,35148
6339,45818
6340,48857
6341,38762
6342,40562
6343,49858
6344,42225
6345,37351
6346,40227
6347,41686
6348,48220
6349,41179
6350,35652
6351,39436
6352,35997
6353,45689
6354,42362
6355,49163
6356,44761
6357,47454
6358,40772
6359,48480
6360,39628
6361,42408
6362,46461
6363,46275
6364,45813
6365,36328
6366,49120
6367,42951
6368,38720
6369,44504
6370,41983
6371,40924
6372,45825
6373,43196
6374,43033
6375,46136
6376,37704
6377,42432
6378,44100
6379,42470
6380,44603
6381,46320
6382,40234
6383,46603
6384,37860
6385,37186
6386,43977
6387,35982
6388,41764
6389,49582
6390,45693
6391,37927
6392,37789
6393,44628
6394,38554
6395,46366
6396,38956
6397,38606
6398,41324
6399,40777
6400,47744
6401,44853
6402,43247
6403,36062
6404,37238
6405,43716
6406,44218
6407,40923
6408,43962
6409,49398
6410,47579
6411,44136
6412,49296
6413,38215
6414,46012
6415,35961
6416,39624
6417,49081
6418,47697
6419,41657
6420,40808
6421,36182
6422,44298
6423,35261
6424,41622
6425,38544
6426,36397
6427,40126
6428,49831
6429,39627
6430,48635
6431,43747
6432,47433
6433,43017
6434,37250
6435,49779
6436,40465
6437,42715
6438,49613
6439,36343
6440,45266
6441,40597
6442,45997
6443,36433
6444,48164
6445,39322
6446,41087
6447,41193
6448,41234
6449,47641
6450,41999
6451,37341
6452,35605
6453,44501
6454,49582
6455,42812
6456,41017
6457,37457
6458,48403
6459,38587
6460,48513
6461,48181
6462,45580
6463,41341
6464,35159
6465,39183
6466,43244
6467,43661
6468,41066
6469,38433
6470,42649
6471,49876
6472,48227
6473,47422
6474,41227
6475,48820
6476,37140
6477,45742
6478,41956
6479,38789
6480,37916
6481,36358
6482,37755
6483,45256
6484,35402
6485,37348
6486,43078
6487,42898
6488,47395
6489,45104
6490,47868
6491,40735
6492,49426
6493,35271
6494,44020
6495,43210
6496,37906
6497,45843
6498,47323
6499,46310
6500,38946
6501,45701
6502,40706
6503,42508
6504,49289
6505,42160
6506,48937
6507,48256
6508,47262
6509,48044
6510,36485
6511,40993
6512,35747
6513,45942
6514,38187
6515,48342
6516,48568
6517,47829
6518,42486
6519,37039
6520,43851
6521,40867
6522,41901
6523,37287
6524,47370
6525,38216
6526,48547
6527,37260
6528,40711
6529,38727
6530,45637
6531,47213
6532,44577
6533,40619
6534,39114
6535,37883
6536,36106
6537,45107
6538,36996
6539,35548
6540,47129
6541,46900
6542,37269
6543,49502
6544,43984
6545,46914
6546,49895
6547,45752
6548,40565
6549,35740
6550,36456
6551,42207
6552,40110
6553,37989
6554,35703
6555,40865
6556,38070
6557,35549
6558,41475
6559,43591
6560,41665
6561,41073
6562,37654
6563,48575
6564,38535
6565,42747
6566,43296
6567,37090
6568,42448
6569,44084
6570,43211
6571,49385
6572,36187
6573,38226
6574,37271
6575,47100
6576,48799
6577,36571
6578,35812
6579,46020
6580,49580
6581,37310
6582,35212
6583,39174
6584,40269
6585,48618
6586,40394
6587,37080
6588,44964
6589,40527
6590,38931
6591,44772
6592,35959
6593,35040
6594,36198
6595,48633
6596,48515
6597,47693
6598,48683
6599,38523
6600,38975
6601,48660
6602,45812
6603,47758
6604,47951
6605,41010
6606,36332
6607,36455
6608,49530
6609,43518
6610,43326
6611,39686
6612,36216
6613,35103
6614,49686
6615,41777
6616,37789
6617,41778
6618,41401
6619,46952
6620,37989
6621,46193
6622,43654
6623,42631
6624,40790
6625,45096
6626,49817
6627,48740
6628,40467
6629,39865
6630,37583
6631,35346
6632,49396
6633,38346
6634,49785
6635,49022
6636,49202
6637,37852
6638,37240
6639,38422
6640,39944
6641,46816
6642,40989
6643,38763
6644,47625
6645,36930
6646,48822
6647,38419
6648,42096
6649,46741
6650,49396
6651,45399
6652,47263
6653,38903
6654,43655
6655,44918
6656,48959
6657,44091
6658,38780
6659,37663
6660,42775
6661,47925
6662,39830
6663,36707
6664,37843
6665,39142
6666,38378
6667,48701
6668,38800
6669,43668
6670,36419
6671,42252
6672,43771
6673,40484
6674,38731
6675,48020
6676,46258
6677,48728
6678,37270
6679,41599
6680,37743
6681,47842
6682,45875
6683,39320
6684,46324
6685,43468
6686,39813
6687,36979
6688,46991
6689,49248
6690,49662
6691,47923
6692,49757
6693,43691
6694,44227
6695,36153
6696,41737
6697,43470
6698,41449
6699,42503
6700,44906
6701,40154
6702,48564
6703,37807
6704,35307
6705,37114
6706,39052
6707,35499
6708,42427
6709,35693
6710,49330
6711,37210
6712,37863
6713,40030
6714,37119
6715,46519
6716,43104
6717,40621
6718,36086
6719,36402
6720,36153
6721,49966
6722,49636
6723,43849
6724,41824
6725,48257
6726,47143
6727,45627
6728,39324
6729,47724
6730,36287
6731,46459
6732,46111
6733,39558
6734,45753
6735,43899
6736,36107
6737,44588
6738,42315
6739,42598
6740,45481
6741,49869
6742,47122
6743,38199
6744,37167
6745,49765
6746,46536
6747,42931
6748,37008
6749,48656
6750,47917
6751,41234
6752,38604
6753,48421
6754,48093
6755,41613
6756,35484
6757,38169
6758,35853
6759,39486
6760,36259
6761,38594
6762,45871
6763,45768
6764,38187
6765,49062
6766,37325
6767,49921
6768,49093
6769,35414
6770,42445
6771,42179
6772,37900
6773,43532
6774,35094
6775,37942
6776,36846
6777,41981
6778,44325
6779,35643
6780,48762
6781,35762
6782,35606
6783,43950
6784,48046
6785,36365
6786,48717
6787,38799
6788,36373
6789,43097
6790,47376
6791,46271
6792,38946
6793,45239
6794,40203
6795,36227
6796,44868
6797,41484
6798,38705
6799,45451
6800,36473
6801,48114
6802,35241
6803,40178
6804,49791
6805,45382
6806,48288
6807,44787
6808,41353
6809,35586
6810,38751
6811,44527
6812,42888
6813,45147
6814,46726
6815,37676
6816,40896
6817,35435
6818,35215
6819,48969
6820,39527
6821,47905
6822,46272
6823,39774
6824,38445
6825,40943
6826,35503
6827,49463
6828,46793
6829,46095
6830,44730
6831,47629
6832,46714
6833,39907
6834,44327
6835,35053
6836,46697
6837,43351
6838,44205
6839,45772
6840,44071
6841,39333
6842,46330
6843,37919
6844,41049
6845,36052
6846,46140
6847,46151
6848,47956
6849,38399
6850,37771
6851,44231
6852,37451
6853,43198
6854,47629
6855,43450
6856,46517
6857,45693
6858,35861
6859,49174
6860,37233
6861,41004
6862,35393
6863,49371
6864,47676
6865,47182
6866,49718
6867,49912
6868,49870
6869,37102
6870,44395
6871,46896
6872,36008
6873,46954
6874,38266
6875,49765
6876,46105
6877,36144
6878,45925
6879,35494
6880,49186
6881,48492
6882,48220
6883,44106
6884,37334
6885,46462
6886,37437
6887,38762
6888,46208
6889,36064
6890,42651
6891,45418
6892,37425
6893,39666
6894,36234
6895,35905
6896,38902
6897,46257
6898,47441
6899,47786
6900,41563
6901,39436
6902,35207
6903,49091
6904,45105
6905,43220
6906,41016
6907,45314
6908,46238
6909,35752
6910,49014
6911,39409
6912,44546
6913,48849
6914,40003
6915,41322
6916,49877
6917,41772
6918,40902
6919,40070
6920,48866
6921,44348
6922,41025
6923,35020
6924,35373
6925,48536
6926,35595
6927,43617
6928,35029
6929,37339
6930,42465
6931,35362
6932,44604
6933,44572
6934,44631
6935,38073
6936,42670
6937,46708
6938,46247
6939,46533
6940,45569
6941,39940
6942,46634
6943,40915
6944,40412
6945,42925
6946,45218
6947,49838
6948,39661
6949,40519
6950,39287
6951,36301
6952,48641
6953,42135
6954,39103
6955,42544
6956,44026
6957,46041
6958,41748
6959,44909
6960,41468
6961,44567
6962,37117
6963,37365
6964,43149
6965,41584
6966,38059
6967,35093
6968,37893
6969,39617
6970,39123
6971,38781
6972,42808
6973,48183
6974,46560
6975,39101
6976,48387
6977,45574
6978,46827
6979,45811
6980,37395
6981,40154
6982,45968
6983,35854
6984,42374
6985,46787
6986,36750
6987,49457
6988,45234
6989,46065
6990,45126
6991,44770
6992,44946
6993,44826
6994,46468
6995,40300
6996,42396
6997,40935
6998,49870
6999,44807
7000,45103
7001,44929
7002,45459
7003,47535
7004,48530
7005,41610
7006,41554
7007,37642
7008,49193
7009,47005
7010,46125
7011,37185
7012,41445
7013,39904
7014,38252
7015,38528
7016,37318
7017,46711
7018,40229
7019,35618
7020,44174
7021,49764
7022,46683
7023,47303
7024,49965
7025,42599
7026,40154
7027,40204
7028,35057
7029,39068
7030,38104
7031,35184
7032,48775
7033,41597
7034,38202
7035,42789
7036,39642
7037,35729
7038,40323
7039,48804
7040,41764
7041,46938
7042,36401
7043,45915
7044,41818
7045,37128
7046,41836
7047,42025
7048,46122
7049,39419
7050,40467
7051,39623
7052,36507
7053,45302
7054,47511
7055,44216
7056,43761
7057,39038
7058,47954
7059,46213
7060,40517
7061,36797
7062,37684
7063,45861
7064,48668
7065,46621
7066,49849
7067,46587
7068,46304
7069,45433
7070,44740
7071,48092
7072,46935
7073,35567
7074,38407
7075,36980
7076,36404
7077,47096
7078,49499
7079,43936
7080,40461
7081,44584
7082,49890
7083,42500
7084,35711
7085,49049
7086,44905
7087,44524
7088,45157
7089,38727
7090,35462
7091,49734
7092,44929
7093,43736
7094,38242
7095,49236
7096,36744
7097,38817
7098,42199
7099,48152
7100,47030
7101,47736
7102,46054
7103,46712
7104,35906
7105,45917
7106,46218
7107,46867
7108,44714
7109,44483
7110,42261
7111,42379
7112,39142
7113,47767
7114,42945
7115,42775
7116,36849
7117,47857
7118,39410
7119,42928
7120,40853
7121,41172
7122,46702
7123,35864
7124,48089
7125,42239
7126,42722
7127,43023
7128,45410
7129,46407
7130,36998
7131,48414
7132,41612
7133,39097
7134,38700
7135,48902
7136,40561
7137,37181
7138,49342
7139,43830
7140,47880
7141,40920
7142,39703
7143,45899
7144,42672
7145,39046
7146,38287
7147,40085
7148,42024
7149,46093
7150,41478
7151,49955
7152,42148
7153,36689
7154,48534
7155,46791
7156,41250
7157,36511
7158,37394
7159,43786
7160,48662
7161,46853
7162,47461
7163,38813
7164,49109
7165,41919
7166,44372
7167,40120
7168,49996
7169,45203
7170,47245
7171,41377
7172,35198
7173,38470
7174,42140
7175,38260
7176,45706
7177,36170
7178,43886
7179,47862
7180,44415
7181,45752
7182,38527
7183,42097
7184,45426
7185,41323
7186,42210
7187,45039
7188,41652
7189,40114
7190,48012
7191,45405
7192,47307
7193,44164
7194,46462
7195,35993
7196,38201
7197,45646
7198,46163
7199,36451
7200,46924
7201,46138
7202,43497
7203,40384
7204,46628
7205,35910
7206,44870
7207,38998
7208,35804
7209,41071
7210,43379
7211,45613
7212,42625
7213,38747
7214,42215
7215,47449
7216,43036
7217,47420
7218,47004
7219,37189
7220,40574
7221,46483
7222,44055
7223,36513
7224,47729
7225,42274
7226,49663
7227,43726
7228,40672
7229,48867
7230,43471
7231,41004
7232,42359
7233,47789
7234,37575
7235,36873
7236,47153
7237,45791
7238,44167
7239,35642
7240,46082
7241,38136
7242,42252
7243,44199
7244,37222
7245,37082
7246,37759
7247,40554
7248,45081
7249,37443
7250,49532
7251,42837
7252,40863
7253,39237
7254,39028
7255,37868
7256,39389
7257,36768
7258,35013
7259,38908
7260,45917
7261,35975
7262,47210
7263,36490
7264,46652
7265,45637
7266,40988
7267,44797
7268,41733
7269,36451
7270,38364
7271,44984
7272,47389
7273,48216
7274,45509
7275,48762
7276,44418
7277,41596
7278,35057
7279,41804
7280,38893
7281,47727
7282,45346
7283,37822
7284,36278
7285,40155
7286,41716
7287,45118
7288,49751
7289,38591
7290,38437
7291,35616
7292,38893
7293,48767
7294,47148
7295,48099
7296,45523
7297,44104
7298,37494
7299,48001
7300,43385
7301,45877
7302,49898
7303,37864
7304,39429
7305,36509
7306,38958
7307,37909
7308,39566
7309,38447
7310,35755
7311,49643
7312,36486
7313,40592
7314,43756
7315,37501
7316,42751
7317,39383
7318,48098
7319,42996
7320,42989
7321,43271
7322,43933
7323,38216
7324,49944
7325,41861
7326,41628
7327,42742
7328,38860
7329,42599
7330,43430
7331,45407
7332,40767
7333,45575
7334,36610
7335,41510
7336,37198
7337,47750
7338,49434
7339,36819
7340,45824
7341,38566
7342,35393
7343,39490
7344,45407
7345,39515
7346,37653
7347,37738
7348,46292
7349,38180
7350,38597
7351,43847
7352,35494
7353,45784
7354,38740
7355,43091
7356,43255
7357,41554
7358,39041
7359,37971
7360,40346
7361,43811
7362,45091
7363,41018
7364,36349
7365,47867
7366,35711
7367,49404
7368,49555
7369,38452
7370,39828
7371,40961
7372,44658
7373,35708
7374,43164
7375,38736
7376,48158
7377,42797
7378,46246
7379,39725
7380,46894
7381,40214
7382,35465
7383,41466
7384,43533
7385,39186
7386,40838
7387,43802
7388,46470
7389,49142
7390,43441
7391,35984
7392,49846
7393,37137
7394,43503
7395,39741
7396,41376
7397,42854
7398,37537
7399,43356
7400,37377
7401,44624
7402,38785
7403,36499
7404,37961
7405,49318
7406,45032
7407,44833
7408,39380
7409,45901
7410,40017
7411,45989
7412,49443
7413,41338
7414,36975
7415,42362
7416,35507
7417,37851
7418,35612
7419,40120
7420,41311
7421,44469
7422,36749
7423,43534
7424,41108
7425,43133
7426,38131
7427,41657
7428,39165
7429,37505
7430,45344
7431,46974
7432,46921
7433,40643
7434,42181
7435,45147
7436,45996
7437,45060
7438,44852
7439,49164
7440,49894
7441,35354
7442,39028
7443,41042
7444,47451
7445,40972
7446,43424
7447,35665
7448,44920
7449,43738
7450,47619
7451,45072
7452,43381
7453,49780
7454,40755
7455,42109
7456,39456
7457,36984
7458,36109
7459,49022
7460,39272
7461,47180
7462,37748
7463,38541
7464,39437
7465,35496
7466,35225
7467,41939
7468,38081
7469,46950
7470,35836
7471,45021
7472,40852
7473,49758
7474,48041
7475,43793
7476,45918
7477,39019
7478,44904
7479,46885
7480,41155
7481,48822
7482,44198
7483,37894
7484,48657
7485,41220
7486,39531
7487,41809
7488,41800
7489,49317
7490,37012
7491,49160
7492,35158
7493,43481
7494,44986
7495,47423
7496,46189
7497,39708
7498,36679
7499,49274
7500,35598
7501,37877
7502,38387
7503,47759
7504,45161
7505,43241
7506,38178
7507,42144
7508,46228
7509,44604
7510,41712
7511,43927
7512,39952
7513,48047
7514,40228
7515,44348
7516,41298
7517,43378
7518,43074
7519,46403
7520,48184
7521,45688
7522,39611
7523,47228
7524,41596
7525,46455
7526,47834
7527,43689
7528,43101
7529,49524
7530,48760
7531,38390
7532,48769
7533,49892
7534,44364
7535,46457
7536,41167
7537,49944
7538,45507
7539,38262
7540,42784
7541,41885
7542,46347
7543,40708
7544,43973
7545,40769
7546,38532
7547,44930
7548,44171
7549,45508
7550,46386
7551,37095
7552,35577
7553,39071
7554,46887
7555,38387
7556,41990
7557,46541
7558,47508
7559,44319
7560,39014
7561,42234
7562,40673
7563,49969
7564,46234
7565,39195
7566,36754
7567,48109
7568,38591
7569,45050
7570,47336
7571,40563
7572,49953
7573,40334
7574,40671
7575,48643
7576,44895
7577,45432
7578,36266
7579,37733
7580,36573
7581,47985
7582,42885
7583,48793
7584,40937
7585,41942
7586,45622
7587,45989
7588,42360
7589,48991
7590,41732
7591,49758
7592,41418
7593,37601
7594,44182
7595,49902
7596,44694
7597,38319
7598,49760
7599,41894
7600,35044
7601,44866
7602,38921
7603,49888
7604,45404
7605,39503
7606,38832
7607,36234
7608,39966
7609,39667
7610,39680
7611,39434
7612,37426
7613,44192
7614,46335
7615,38799
7616,35972
7617,37844
7618,41755
7619,39290
7620,44887
7621,45480
7622,36331
7623,46551
7624,36760
7625,39168
7626,43142
7627,39451
7628,37766
7629,48729
7630,46571
7631,48295
7632,37203
7633,41868
7634,49791
7635,43201
7636,36824
7637,47671
7638,36036
7639,46837
7640,45026
7641,45928
7642,39629
7643,36410
7644,45733
7645,40259
7646,46932
7647,41022
7648,36493
7649,37075
7650,36041
7651,47558
7652,38566
7653,39919
7654,47996
7655,44657
7656,40999
7657,47687
7658,45110
7659,38542
7660,46190
7661,36112
7662,42734
7663,46299
7664,49885
7665,47902
7666,49677
7667,42716
7668,44190
7669,46368
7670,43663
7671,46025
7672,46054
7673,48270
7674,40519
7675,41340
7676,40678
7677,48831
7678,36086
7679,40075
7680,43001
7681,45729
7682,44702
7683,49061
7684,49628
7685,43593
7686,45606
7687,46509
7688,46845
7689,46529
7690,38772
7691,39300
7692,46311
7693,43187
7694,42559
7695,42502
7696,40025
7697,37824
7698,45390
7699,39085
7700,43676
7701,37330
7702,39527
7703,39279
7704,49901
7705,35544
7706,40478
7707,47197
7708,46858
7709,46544
7710,35755
7711,45946
7712,41369
7713,42132
7714,39650
7715,46159
7716,42019
7717,36188
7718,36949
7719,45764
7720,39507
7721,48833
7722,39529
7723,43607
7724,40241
7725,43238
7726,48770
7727,36430
7728,49583
7729,47794
7730,43106
7731,44020
7732,42244
7733,37115
7734,40251
7735,39762
7736,45350
7737,38579
7738,43371
7739,40177
7740,42285
7741,35640
7742,49789
7743,49430
7744,48253
7745,48181
7746,48793
7747,35320
7748,40047
7749,49584
7750,47537
7751,39945
7752,42678
7753,49443
7754,40356
7755,46246
7756,49618
7757,47124
7758,46590
7759,37733
7760,45210
7761,43064
7762,38182
7763,36209
7764,49160
7765,49024
7766,38748
7767,47031
7768,44028
7769,38079
7770,45276
7771,42135
7772,44204
7773,38071
7774,37094
7775,42810
7776,37447
7777,37630
7778,41944
7779,46950
7780,41978
7781,49640
7782,45620
7783,35024
7784,44998
7785,35724
7786,49948
7787,35303
7788,44711
7789,36470
7790,47058
7791,40760
7792,40569
7793,40937
7794,46836
7795,47366
7796,35768
7797,45290
7798,48885
7799,44536
7800,42854
7801,45257
7802,36881
7803,40480
7804,48635
7805,49650
7806,39036
7807,36873
7808,39719
7809,47605
7810,46326
7811,38976
7812,40648
7813,46894
7814,46594
7815,48045
7816,46240
7817,36888
7818,37353
7819,46061
7820,49279
7821,47490
7822,39321
7823,47108
7824,36965
7825,38551
7826,39073
7827,47764
7828,36905
7829,35711
7830,42341
7831,43717
7832,46757
7833,47610
7834,38141
7835,44728
7836,48438
7837,39187
7838,42831
7839,47249
7840,35473
7841,41426
7842,42594
7843,47051
7844,35395
7845,43932
7846,49868
7847,45045
7848,35615
7849,43035
7850,43687
7851,40249
7852,49507
7853,36570
7854,45299
7855,43350
7856,45696
7857,37658
7858,37301
7859,39871
7860,41966
7861,36742
7862,47636
7863,45977
7864,40209
7865,49960
7866,48284
7867,45657
7868,35188
7869,38772
7870,49622
7871,38993
7872,39673
7873,39855
7874,35982
7875,46234
7876,47374
7877,48505
7878,41643
7879,37522
7880,44182
7881,35509
7882,49034
7883,46453
7884,46541
7885,39533
7886,36781
7887,40052
7888,45870
7889,40343
7890,42285
7891,37155
7892,39118
7893,42286
7894,40118
7895,35414
7896,38367
7897,46228
7898,36065
7899,39930
7900,42549
7901,49849
7902,44483
7903,38222
7904,41875
7905,37676
7906,43601
7907,39466
7908,49130
7909,37126
7910,42450
7911,39772
7912,40464
7913,41357
7914,40964
7915,39878
7916,37037
7917,40895
7918,39074
7919,41349
7920,35320
7921,37820
7922,37975
7923,45807
7924,37079
7925,39704
7926,49988
7927,43128
7928,36643
7929,42510
7930,38869
7931,45611
7932,47368
7933,36845
7934,45766
7935,47237
7936,42511
7937,47522
7938,42300
7939,48390
7940,37848
7941,46023
7942,36521
7943,42444
7944,47507
7945,41885
